sequence,seqid,other_seqids,secondary_seqids
AAAAVVEFQR,Q2KI42,Q2KI42-2,
AADETWEPFASGK,O46375,,
AADYAAQAAQLR,Q148C9,,G5E6G2
AAEAPYDAIHVGAAAPVVPQALIDQLKPGGR,P15246,G3MZZ6:P15246-2,
AAEYGAEALER,P01966,,
AAFDDAIAELDTLSEESYK,P62261,,
AAGVPVEIIK,P19687,,
AAQKPDVLTTGGGNPVGDK,P00432,,
AASDIAMTELPPTHPIR,P62261,,
AAVESGLPYPTDR,A7ATS0,,
AAVPSGASTGIYEALELR,Q9XSJ4,F1MB08,A6QR19:Q3ZC09
AAVSLLGEEK,Q29RM3,F1MDM4,
AAVTAFWGK,P02070,,
AAVTAFWGKVKVDEVGGEALGR,P02070,,
AAWGKVGGHAAEY,P01966,,
AAWGKVGGHAAEYGAEALER,P01966,,
ADAATSFLR,F1MY81,,
ADAATSFLR,F1MY81,,
ADHDFVVQEDFMK,Q2KIW6,F1MLV1,
ADIGLLPPLPTLDPEEK,G3MYZ3,,
ADKPDLGEINSFDK,P21752,,
ADMEAQAPAFQAFEDFGTDLTISGHR,F1MMQ8,,
ADQLTEEQIAEFK,F1N6C0,P62157,
ADVVEAWIAEK,F1MMQ8,,
AEAGDSHEQASGSSVL,Q2KIX7,,
AEAGDSHEQASGSSVLELEK,Q2KIX7,,
AEDITTILSK,F1N5M2,,Q3MHN5
AEEDLSEPVR,F1MMQ8,,
AEGGAADLDIQR,Q2HJE4,,
AEGILPGIK,A7AV51,,
AENTGVELDDVWELQK,F1MMQ8,,
AEQVEGVIILGNTLVER,F1MMQ8,,
AFALAGNQER,Q7SIH1,,
AFEDELR,F1MKE9,,
AFGNSMQALR,F1MMQ8,,
AFLASPEHM,P28801,,
AFLASPEHMNR,P28801,,
AFLASPEHMNRPINGNGK,P28801,,
AFLASPEHMNRPINGNGKQ,P28801,,
AFPQGFQDSPDVTNR,F1MKE9,,
AFSENHYWR,Q3SZV7,,
AGIDSVTLENEK,F1MHE4,,
AGIGPYSDEATPK,A7ASP3,A7AUY4,
AGITTIEAVK,Q5KR47-2,,
AGITTIEAVKR,Q5KR47-2,,
AGLQFPVGR,Q17QG8,E1BIL5:P0C0S9:P0C0S4:A7AT85:F1MRN2:I7IGL8:Q32LA7:I7IPK9:F2Z4G5:F1MLQ1:F1MWV9:G8JL00:A1A4R1:E1BDT6:A4IFU5:L0B1W7:A7AUI5:Q3ZBX9:F2Z4I6:E1BH22:L0AWE2:F2Z4J1,
AGVANALAHR,P02070,,
AHEWVPL,Q2T9Y6,,
AHLLSAEFGK,F1MKE9,,
AHSSMVGVNLPK,Q3T0P6,,G3X7N4
AHVGKPAPEFQATAVVDGAFK,Q9BGI3,,
AIEINPDSAQPYK,E1BC28,F1ME91:A7E3S8,
AIFDSVVSMLQR,Q4TWG6,,
AIFDSVVSMLQR,Q4TWG6,,
AILDIERPDLM,Q08DM1,,Q58CT9
AILPDGEVVGDSAR,Q7SIH1,,
AITIFQER,P10096,,
AITIFQERDPANIK,P10096,,
AKHEAGMGNFITPEETIVPPQELITAVESQEEPGR,Q4TWG6,,
AKHEAGMGNFITPEETIVPPQELITAVESQEEPGR,Q4TWG6,,
AKPPPGGGEQEPPPPPAPQDVEMK,Q2KJ46,,
AKPVLEDLR,P15497,,
ALAEMIK,A0JNC0,G1K1R3,L1LB82
ALDEGDIALLK,Q5E9F9,,
ALDISGSDDEMARPK,P80227,,
ALEDLAQELER,F1MKE9,,
ALELLFDQLNEGAK,P15246,G3MZZ6:P15246-2,
ALETHTYFER,G5E513,,
ALIDPSSGLPNR,Q3SX30,,
ALLFTHDQFQDK,Q3Y5Z3,,
ALLSLVPVQK,Q9XSW5,,Q9TUQ0
ALMDEVVK,Q3T0P6,,
ALNRPPTYPTK,F1N0F7,,
ALPFDLAK,A7ATC4,,
ALPFWNEEIVPQIK,Q3SZ62,,G3N3V1
ALPQHLKPFETLLSQNK,P28801,,
ALQSLLQSVPLSELR,Q0P5A6,F1N6Z0,
ALSLTEAPEDLR,E1BH06,P01030,
ALVEANETHPVF,A7AQQ4,,
AMEDQLQSDDLGK,F1MKE9,,
AMGPLVLTEVLFNEK,F1N0F7,,
AMLLNQMR,A7ASW7,,
AMVPSHAVVAR,G3X6N3,,Q29443
AMVQQLDTLR,F1N3Q7,Q32PJ2,
ANFDTLFR,A7AV88,,
ANNLDFQLLDKR,A7ASK1,,
APELGHGVEGGNVAKPDPEVTER,Q3SZV7,,
APILNSKPPDCDPNK,M0QW12,,
APLGSSYMCNK,Q3SZJ7,G3MXJ5,
APLQPQQPPATSPGSGDEKPSGK,P56701,,
AQIHDLVLVGGSTR,Q27975,Q27965,F1MWU9
AQLVLSGEELLETLQEK,Q32S38,,
AQMPSLGEEAGDEALSIEK,F1MKE9,,
AQMPSLGEEAGDEALSIEKR,F1MKE9,,
AQVVLSW,A6QQV6,F1MQX7,
ASEVLSTNFK,A2I7N3,,
ASFSVLGDILGSAMR,Q7SIH1,,
ASGPPVSELITK,G3MWV5,A7MAZ5:P02253,
ASHLPSDFTPAVHASLDK,P01966,,
ASHQGWLENIDAEGK,F1MKE9,,
ASLTEAPTNLK,A7AM54,,Q86BU6:A7ASY9:A7AX29:A7AML3:A7AMU0:A7ANN4:A7AVQ6:A7AWP4:A7ALZ5:A7ATV6:Q9NJA5:A7AP45:A7AP48:Q86BU3:A7AX27
ASTLHLQTGNLL,Q2T9Y6,,
ATAGDTHLGGEDFDNR,Q27975,Q27965,P0CB32:F1MWU9
ATIVSVEDWDK,E1BL26,,
AVALQQGHENVVAHLINYGTK,F1MY81,,
AVALQQGHENVVAHLINYGTK,F1MY81,,
AVAVVVDPIQSVK,Q17QP9,,
AVDQLNEQSSEPNIYR,P22226,,
AVEHLDDLPG,P01966,,
AVEHLDDLPGAL,P01966,,
AVEHLDDLPGALSE,P01966,,
AVEHLDDLPGALSEL,P01966,,
AVEHLDDLPGALSELS,P01966,,
AVEHLDDLPGALSELSDL,P01966,,
AVEHLDDLPGALSELSDLH,P01966,,
AVEHLDDLPGALSELSDLHA,P01966,,
AVEHLDDLPGALSELSDLHAH,P01966,,
AVEHLDDLPGALSELSDLHAHK,P01966,,
AVEHLDDLPGALSELSDLHAHKL,P01966,,
AVEHLDDLPGALSELSDLHAHKLR,P01966,,
AVFPSIVGR,Q3ZC07,P68138,Q5E9B5:G8JKX4:P62739:F1MKC4
AVFPSIVGR,P63258,F1MRD0:P60712,
AVFPSIVGRPR,Q3ZC07,P68138,Q5E9B5:G8JKX4:P62739:F1MKC4
AVFPSIVGRPR,P63258,F1MRD0:P60712,
AVGDVAEGNPALATVAVK,A7AW73,,
AVGEHYTANFTDEPK,A7AQM3,,
AVISLMEMGFDEK,Q0VBZ2,,
AVMNNPK,P02070,,
AVSMPQNWR,F1MDA7,Q2T9S7,
AVTEQGAELSNEER,Q3SZI4,,
AVYNTLPEDLAR,A7ASW7,,
AWCPQTNR,A7AP74,,
AWDQEAEGAGPELGR,A6QR56,F1N441,
AWESLEEAEYR,F1MKE9,,
AWINTPR,Q9BGI3,,Q9BGI2:P35705
AWVINIMK,F1N724,,
AYFMPASPNPELPDVK,F1N5M2,,Q3MHN5
AYIDKVEELKK,P07107,,
AYLFFTNR,F1MZ58,,
AYPAPLEVPK,A7MBA2,,
CADYSENTFTEYK,F1N5M2,,Q3MHN5
CLMEGAGDVAFVK,G3X6N3,,Q29443
DAFSQTEDVLR,A7AQB7,Q2PKF8,
DAGAGIALNDHFVK,P10096,,
DAGTIAGLNVLR,P19120,,
DALSSVQESQVAQQAR,P19035,,
DALVFIEK,F1MUS6,,
DAPSPVDAAFR,Q3SZV7,,
DDFTSLSMVLY,F1N5M2,,
DDITNEPLTQR,A7AVR4,,
DDLPGALSELSDLHAHK,P01966,,
DDPIISTHLAK,Q2KI42,Q2KI42-2,
DDSAKPKPEEVVKPVK,F1MU85,,
DEFPMLPQR,F1MMQ8,,
DELESAWEQR,F1MMQ8,,
DEYIDFLTDK,F1MMQ8,,
DEYIDFLTDKESENIR,F1MMQ8,,
DFATVYVEAIK,P15497,,
DFAVSTVPVTSTSHLR,Q3SX44,,
DFFLSNASR,Q27970,,
DFHVDEQTTVK,P34955,,
DFLEELEESR,F1MKE9,,
DGHTTYPSHVYE,P52556,,
DGIWGRPHLPY,Q9XSW5,,Q9TUQ0
DGVGQEPVHLESPAHEHR,Q2KJF1,,
DHEAFLASLTK,F1MMQ8,,
DIDTDLPMK,A7AWS4,,Q9U546
DIKPSLMDK,A7AQC3,,
DIKPSLMDK,A7AQC8,,
DILDLNEMVR,F1MQ77,E1B9V3:Q3T154,
DITGLSEETR,F1MMQ8,,
DKAPLQPQQPPATSPGSGDEKPSGK,P56701,,
DKTESVTSGPMSPEGSPSK,F1MXA4,,
DLAGVIAIQR,F1MKE9,,E1BMN5
DLASAGNLLK,F1MMQ8,,
DLEDETLWVEER,F1MKE9,,
DLETPYFR,A2I7M9,Q9TTE1,
DLETPYFR,A2I7N2,,
DLETPYFR,G3N1U4,G8JKW7,Q3ZEJ6:A2I7N1:A2I7N0
DLGQASGLLLER,Q32KX8,,
DLMEAISK,E1BG52,,
DLNTAHRPIDHWDAVNMECFEEDPGRKWMDGLLSNLGCESGSHMGPFIDSYR,F1MSK4,Q5E9N9,
DLPGALSELSDLHAHK,P01966,,
DLQGVQNLLK,F1MMQ8,,
DLYQQVVAQADMR,F1MKE9,,
DMPESLPEAEQLLQQHAAIK,F1MKE9,,
DMPESLPEAEQLLQQHAAIKDDIDR,F1MKE9,,
DPSGFSPEVQK,G1K122,P18902,
DQPQFQNMR,A3KMV2,,
DQSTVQPAAPSPSQADQPTKPEGNLNGQNEPAK,Q4TWG6,,
DQSTVQPAAPSPSQADQPTKPEGNLNGQNEPAK,Q4TWG6,,
DQTVIQNTDGNNNEAWAK,G3X6N3,,Q29443
DREDLVPY,A0JNC0,G1K1R3,
DSEQVDSWMSR,F1MMQ8,,
DSLNSAAYDLEK,A7AQM3,,
DSTLIMQLLR,P63103,,P68252:P68509:Q0VC36:L0AVC4:F1MPT3:A7Z057:A7AUI2:I7JB19:E1BDS9
DSTLIMQLLR,P62261,,P68252:P68509:Q0VC36:L0AVC4:F1MPT3:A7Z057:A7AUI2:I7JB19:E1BDS9
DSTLIMQLLR,P68250,P68250-2,P68252:P68509:Q0VC36:L0AVC4:F1MPT3:A7Z057:A7AUI2:I7JB19:E1BDS9
DSTLIMQLLR,Q3SZI4,,P68252:P68509:Q0VC36:L0AVC4:F1MPT3:A7Z057:A7AUI2:I7JB19:E1BDS9
DTGLGLSPTASLR,Q7SIH1,,
DTVASSSEMGQDFDHVTVLR,F1MKE9,,
DVDLEFLAK,Q3ZBT1,G3X757,
DVDLEFLAK,Q3ZBT1,G3X757,
DVDMDVVADHVGK,A7AV49,,
DVEFLAQLK,F1MHR4,F1MHT2,
DVIMDLK,A7AWS4,,Q9U546
DVPIVHTETK,F1MCU7,Q9N179,F1MCU4
DVSSVELLMK,F1MKE9,,
DVTEAIQWIEEK,F1MMQ8,,
DYFLDGSLLK,F1MMQ8,,
DYWSSFK,P19035,,
EAAENSLVAYK,P62261,,
EAFSLFDKDGDGTITTK,F1N6C0,P62157,F1MLH6
EAGDMLDWIR,F1MMQ8,,
EAGLDVTTSHNPATPR,Q5EAD2,,
EAGLKPNNLKPVVAEFHGTK,G3X6N3,,Q29443
EALVAQGDSGDTLAAIQSLQK,F1MMQ8,,
EASMVITESPAAL,F1N2R1,,
EAVELPLTHF,F1MG70,Q3T030,
EAWDDLQGLTK,F1MMQ8,,
ECMVKWCAIGHQER,G3X6N3,,Q29443
EDAMNAYISK,Q3SZF0,,
EDAVFLGNEAQR,O46510,E1BG43,
EDQTEYLEER,Q76LV2,,I7IHJ7:L0ATY6:Q76LV1:G5E507
EDVIWELLNH,G3X6N3,,Q29443
EDVIWELLNHAQEHFGK,G3X6N3,,Q29443
EEATDLSSLKPK,Q3ZBK2,,
EEISSQGVQLK,A7AQC8,,
EESGENVAMIYK,F1MDA7,Q2T9S7,
EEVPEQPAPSFVR,Q4TWG6,,
EEVPEQPAPSFVR,Q4TWG6,,
EFFVGLSK,Q3SX44,,P56965
EFTPVLQADFQK,P02070,,
EFTPVLQADFQKVVAGVANALAHR,P02070,,
EFTPVLQADFQKVVAGVANALAHRYH,P02070,,
EGDFVLR,Q27970,,
EGGLGPLNIPLLADVTR,Q9BGI3,,
EGHVETALALLEK,F1MY81,,
EGHVETALALLEK,F1MY81,,
EGNEPEETTQITYR,A7YWF1,,
EHFVDLLLSK,Q3SZR3,Q5GN72,
EIDNDEMVTHY,E5RS65,E5RS63,E5RS64:E9RH18:E5RS62:Q8STI8:E5RSV7:F1T0Z8:F1T0Z9:G5EKL8:G5EKL9:G5EKM0
EIDNDEMVTHYEAFK,E5RS65,E5RS63,E5RS64:E9RH18:E5RS62:Q8STI8:E5RSV7:F1T0Z8:F1T0Z9
EIIHEFGTGAK,Q9U006,Q9U004:A7AS21:B9VNX9:B9VNX7:B9VNX6:Q9U005:Q9TVG3,Q9U008:Q9U007:Q9TVW3:Q17115:Q17121
EIILETTTK,F1MY81,,
EIILETTTK,F1MY81,,
EIYDLYGR,Q58DD3,,
EKEPIVDNTNYGADEEAAGALLK,F1MMQ8,,
EKEQIYSSLDYGK,F1MKE9,,
EKSPPEPHTPPSTPVK,E1BHK2,,
ELDELVSAVEEHFFQPQK,A6QQ11,,
ELDLYDNQIR,Q3T0W4,,
ELDTVTLEDIK,Q2KJ46,,
ELEQVCNPIISR,Q27975,Q27965,
ELGHGVEGGNVAKPDPEVTER,Q3SZV7,,
ELHINLIPNK,Q76LV2,,
ELHLLGEQVQQFQDVAAR,F1MKE9,,
ELISNSSDALDK,Q76LV2,,
ELLDFVPK,F1MY81,,
ELLDFVPK,F1MY81,,
ELLKPNASVALHK,F1MG70,Q3T030,
ELLNHAQEHFGK,G3X6N3,,Q29443
ELLQLADALGSR,P31754,,
ELLSEASFQEALQESIPDIR,Q2T9Y6,,
ELPDPQESIQR,G3X6N3,,Q29443
ELPEDVGLDASTAESFHR,F1MKE9,,
ELPELQGVK,F1N4K1,,
ELQELVQYPVEHPDK,Q3ZBT1,G3X757,
ELQELVQYPVEHPDK,Q3ZBT1,G3X757,
ELSSFIQK,F1N5M2,,Q3MHN5
ELTGEDVLVR,Q0P5A6,F1N6Z0,
ELVNYGANVNAQSQK,F1MY81,,
ELVNYGANVNAQSQK,F1MY81,,
EMGPASQANVR,F1MDU9,,
EMLISYVK,A7AW24,,
EMLVVTNR,Q08DM1,,Q58CT9
EMVELPLR,Q3ZBT1,G3X757,
EMVELPLR,Q3ZBT1,G3X757,
ENFEVLCK,G3X6N3,,Q29443
EPLPPLSEDVLLDALSK,F1N161,F1MD74:F1MR96,G3N2N7:P20811
EPMEPEPKPEGSEEPAVPVR,Q9XSW5,,Q9TUQ0
EQAEAEVASLNR,Q5KR47-2,,
EQDHFLISPK,F1MXA4,,
EQLGPVTQEFWDNLEK,P15497,,
EQSILELGSLLAK,Q2KI42,Q2KI42-2,
EREDFEFPSSIIY,A7AV50,,
ERFEQDYHQVPR,F1N4W2,,
ESGPSLVKPSQTL,G3MXG6,G3N1H5:G3N1R1:G3MZH0:G3MXD9:G3N3Q3,
ESLAHALVEIIK,G3X6W2,,
ESLLEEFR,F1MMK9,,P00978
ESLLNEDIMSK,A7APT5,,
ESQQLMASHPELK,F1MKE9,,
ETGTLESQLEANKR,F1MMQ8,,
ETGYPLAVK,F1N3P2,,
ETKPEPMEEDLPENKK,Q3ZBZ8,,
ETLPVLAR,Q05B57,,
ETVVEVPQVTWEDIGGLEDVKR,Q3ZBT1,G3X757,
ETVVEVPQVTWEDIGGLEDVKR,Q3ZBT1,G3X757,
ETWLNENQR,F1MKE9,,
EVDDLEQWITEK,F1MKE9,,
EVDIGIPDATGR,Q3ZBT1,G3X757,
EVDIGIPDATGR,Q3ZBT1,G3X757,
EVESLWIELQEATEQK,F1MMQ8,,
EYDNHFHELLSTLH,F1MKX8,Q9GKN7,
EYNKPSLANDLMLIK,F1MLB5,,
EYVTALQNLR,G3X6N3,,Q29443
EYYFAEVR,A6QPP2,,
FAALEKPTTLELK,F1MKE9,,
FADIGNTVK,P31754,,
FATSHDAESSQSHVHFDEK,Q2KIM1,,
FAYYPGLPSR,A7AV88,,
FDEFFSAGCAPGSPR,G3X6N3,,Q29443
FDEFQMDLK,F1MMQ8,,
FDILDQEMK,F1MKE9,,
FEEIIHPDAGNIR,F1MMQ8,,
FEQDYHQVPR,F1N4W2,,
FFESFGDLSTADAVM,P02070,,
FFESFGDLSTADAVMNNPK,P02070,,
FFESFGDLSTADAVMNNPKVK,P02070,,
FFSLSEK,A7AST9,,A7AUY3:A7AUW7:A7AQB1:A7AM52
FFWEMDEAESWIK,F1MKE9,,
FGDIEHSIPK,A7AV88,,
FGDPVVQSDMK,Q27975,Q27965,
FGKEFTPVLQADFQK,P02070,,
FGNNQIEGELK,A7AVA8,,
FGVVVVGVGR,A5D7K0,,
FHPSTEIIWK,A7YW37,,
FIDEVVVFR,E5RS65,E5RS63,E5RS64:E9RH18:E5RS62:Q8STI8:E5RSV7:F1T0Z8:F1T0Z9:G5EKL8:G5EKL9
FIESDNVCEK,G3MYZ3,,
FITHAPPGEFNEVFNDVR,A4FUA8,,
FKIPGAPPASMGR,P50397,,
FKPPPPNSDIGWR,Q32S38,,
FLANVSTVL,P01966,,
FLANVSTVLTSK,P01966,,
FLANVSTVLTSKYR,P01966,,
FLDAVDPER,F1MMQ8,,
FLDAVDPERK,F1MMQ8,,
FLDLLEPLGR,F1MKE9,,
FLINGPEIMSK,Q3ZBT1,G3X757,
FLINGPEIMSK,Q3ZBT1,G3X757,
FLMANGQLVK,P50397,,P21856
FLPVIGLVDAEK,F1MWE0,,
FLSDYDELSGWMEEK,F1MMQ8,,
FMETATESLAK,Q58D62,,
FMPASPNPELPDVK,F1N5M2,,Q3MHN5
FNFPDILR,A7APT5,,
FNQEEGVGDTHNSY,E1BL26,,
FPAAQPPDPNQPAK,Q08DM1,,Q58CT9
FPDATETDLQELVAK,F1N5M2,,Q3MHN5
FPHLAVGY,Q148G0,,
FPLGPVTSTTR,Q2KJF1,,
FQIQDIVVQTQEGR,F1MKE9,,
FQQIPGSAPR,G5E604,G5E5H2:G5E5V1,
FQSANETGQTLLDANHEASDEVLEK,F1MMQ8,,
FQSDPPAPSDDSIK,Q148C9,,
FQTLDEILLGLK,A7AVA8,,
FQTVADYGK,P81644,,
FSEDDPEYLR,F1MXA4,,
FSGWYDADLSPAGHEEAK,Q3SZ62,,
FSISSHY,A2I7N3,,
FSNLASDEQDSVR,Q32PI5,A5D973,
FTFEGQIQPDDQDNLLR,Q9XSW5,,Q9TUQ0
FTPVLQADFQK,P02070,,
FVEGLYK,O46375,,
FVNLGIEPPK,Q5E9F9,,
FVSISDLLVPK,P50397,,
FWDFSTK,Q3SZV7,,
FWTFPEVLR,G5E5T5,,
FWVYPPEK,Q3SZV7,,
FYGAVESFDK,Q4TWG6,,A6YQQ4:A6YQQ2:A6YQP7:Q4TWG9:Q4TWH3:Q4TWH4
FYGAVESFDK,Q4TWG6,,A6YQQ4:A6YQQ2:A6YQP7:Q4TWG9:Q4TWH3:Q4TWH4
FYGVDGALR,E5RS65,E5RS63,E5RS64:E9RH18:E5RS62:Q8STI8:E5RSV7:F1T0Z8:F1T0Z9:G5EKL8:G5EKL9:G5EKM0
FYQLNSGDPVVIDQK,A7ARK0,C7EA33:C7EA31:C7EA30:C7EA20:C7EMY1:C7EA15:C7EA14:C7EA16:C7EA27:C7EA25:C7EA21:C7EA22:C7EA28,C7EA32:C7EA26
GAAQNIIPASTGAAK,P10096,,
GAAVQAAILMGDK,Q27975,Q27965,P0CB32
GAEEQLVPR,Q2KJF1,,
GAGLHNSLIYR,A7AQM3,,
GATEITTTITK,Q7SIH1,,
GDDLSTAILK,Q3ZBT1,G3X757,
GDDLSTAILK,Q3ZBT1,G3X757,
GDGPVQGTIHF,P00442,,F1MNQ4
GDGPVQGTIHFEAK,P00442,,F1MNQ4
GDKPFDPDLK,P28800,,
GDLGVETEITNLPVIQK,A7APT5,,
GDLSTADAVMNNPK,P02070,,
GDPEEYEDQLEETLEQK,Q9XSW5,,
GDQENVHPDVMLVQPR,E1BFV0,,
GDSVSQGTGLAPGSPR,P02672,A5PJE3,
GDTVVVTGSITGLTEGDHGFHVH,P00442,,
GELDGVMK,A7AM54,,
GESNIVSQEVFDELNSMIK,A7AQC3,,
GFDEYMK,P55052,G3N269,
GFILDGFPR,A7AVR4,,P08166-2:L1L9M5:P08166
GFIMAEVMK,Q2HJ33,,
GFLIDGYPR,P00570,A4IFD0,
GFQLGALDTHR,F1N4M7,,
GFSIPDVFR,Q5E9B7,,
GFTAAGILSAH,Q17QJ7,,
GFTPLHVAAK,F1MY81,,E1BNC9:G3N3N0:G3N0C1:F1MQL2
GFTPLHVAAK,F1MY81,,E1BNC9:G3N3N0:G3N0C1:F1MQL2
GGGDLPNSQEALQK,Q3SX44,,
GGLGPLNIPLLADVTR,Q9BGI3,,
GGMIVDPLR,Q3SX30,,
GGSPHSPALNGYTPL,F1MY81,,
GGSPHSPALNGYTPL,F1MY81,,
GGSPHSPALNGYTPLHIAAK,F1MY81,,
GGSPHSPALNGYTPLHIAAK,F1MY81,,
GGTMSEFNTVEDNMR,Q32S38,,
GGYFDEFGIIR,F1MMK2,,
GHAAEYGAEALER,P01966,,
GHGAKVAAALTK,P01966,,
GIEDDLMDLLK,Q58DC0,,
GIESSAAEFVELK,A7APT5,,
GIFSGPAISR,Q2HJ58,G3MY14,
GIIASANQLEAAK,P31754,,
GILEFFGR,A7AX16,A7AX15,
GILGDIQGPK,A7APT5,,
GILLYGPPGTGK,Q3ZBT1,G3X757,I7IF78:L0AVJ6:E1BAN2:L1LC93:A7ASR9:I7J5S1
GILLYGPPGTGK,Q3ZBT1,G3X757,I7IF78:L0AVJ6:E1BAN2:L1LC93:A7ASR9:I7J5S1
GKFPDATETDLQEL,F1N5M2,,Q3MHN5
GKFPDATETDLQELVAK,F1N5M2,,Q3MHN5
GLADVQNLLR,F1MMQ8,,
GLDAHLDQIFR,F1MKE9,,
GLFVIDGK,Q9BGI3,,
GLIDEVDQDFTSR,P02672,A5PJE3,
GLLGLPAPK,Q2KJC1,,
GLLSQGSPLSWEETQR,Q32S38,,
GLNYYLPMVEEGEPEPK,F1MMQ8,,
GLQVALEEFHK,Q29RS5,,
GLSAPIVR,G3N0V0,,
GLSQMTTSADTDVDTSK,F1MXA4,,
GLVVLPLELK,F1MDA7,Q2T9S7,
GMVPDDAVEALAGSLGK,F1N161,F1MD74:F1MR96,G3N2N7
GNDDHWIIDTDYET,G1K122,P18902,
GNLDDFFHR,P02672,A5PJE3,
GNNISSGTVLSDYVGSGPPK,P13696,,
GNPLWEAADKK,E5RS65,E5RS63,
GNVKAAWGK,P01966,,
GNVVPSPLPTR,Q2NKU4,,
GPELLTMWFGESEANVR,Q3ZBT1,G3X757,
GPELLTMWFGESEANVR,Q3ZBT1,G3X757,
GPGSAVGEGKPVLTEEER,Q32KW2,,
GPRPTEDQISQLPK,A7ATI1,,
GPTGIPGDIESCLSPPK,Q2KIU3,,
GPTLTEILEGLK,G3N1U4,G8JKW7,Q3ZEJ6:A2I7N1:A2I7N0
GQELCADYSENTFTEYK,F1N5M2,,Q3MHN5
GSAPPGPVPEGLIR,E1BKU3,E1BJ08,
GSGGTAEHPFTVEEF,Q7SIH1,,
GSGTTLTVLGQPK,F1MLW7,,F1MCF8
GSLDTLEALMK,F1MMQ8,,
GSTLTEILEGLK,A2I7M9,Q9TTE1,
GSYSCEVTHEGSTVTK,F1MLW7,,F1MCF8
GSYSCEVTHEGSTVTK,F1MLW8,,
GTFAALSELH,P02070,,
GTFAALSELHCDK,P02070,,
GTVLLDLPGK,Q9XSW5,,Q9TUQ0
GVANALAHR,P02081,,G3N1Y3
GVANALAHR,P02070,,G3N1Y3
GVEGGNVAKPDPEVTER,Q3SZV7,,
GVILYGPPGTGK,L0AZN6,A7AU36,E1BPU3:A7AX69:I7J5R5:F1MFP1:L1LE61:L1LDE9:A7ATT4:I7JBA1:A7AS29:A7ARW4:I7I9G6:L0AZF9:L1LFB8
GVILYGPPGTGK,A4FUZ3,,E1BPU3:A7AX69:I7J5R5:F1MFP1:L1LE61:L1LDE9:A7ATT4:I7JBA1:A7AS29:A7ARW4:I7I9G6:L0AZF9:L1LFB8
GVILYGPPGTGK,P62194,,E1BPU3:A7AX69:I7J5R5:F1MFP1:L1LE61:L1LDE9:A7ATT4:I7JBA1:A7AS29:A7ARW4:I7I9G6:L0AZF9:L1LFB8
GVLLFGPPGTGK,Q5E9F9,,A7AX61
GVLLQLIDYESR,A7AWS4,,
GVLQGHAVQETDDTSHQEAACHK,P34955,,
GVMEHLEQQAQAFPQGFQDSPDVTNR,F1MKE9,,
GVQVETISPGDGR,P18203,Q2NKS8,
GVSSDLWGEKPK,Q2UVX4,G3X7A5,
GWDALSR,F1MKE9,,
GWTPGSDTIKPNVDDSK,Q9BGI3,,
GYFEVTHDITR,P00432,,
GYLAVAVVK,G3X6N3,,P24627:Q29443
GYLDDPTVPR,F1MMK2,,
GYSFTTTAER,P63258,F1MRD0:P60712,
HAAEYGAEALER,P01966,,
HDDFEEAFTAQEEK,F1MMQ8,,
HDLGHFM,P52556,,
HDLGHFMLH,P52556,,
HDVMAHVHTF,A3KN12,F1MHP6,
HDYYAVNGF,A7AQC8,,
HEAGMGNFITPEETIVPPQELITAVESQEEPGR,Q4TWG6,,
HEAGMGNFITPEETIVPPQELITAVESQEEPGR,Q4TWG6,,
HEAIETDTAAYEER,F1MKE9,,
HEVININLK,E1BKU3,E1BJ08,F1MKB7
HFLDENIAQPTK,Q9U006,Q9U004:A7AS21:B9VNX9:B9VNX7:B9VNX6:Q9U005:Q9TVG3,
HFLDENIGQPTK,Q9U006,Q9U004:A7AS21:B9VNX9:B9VNX7:B9VNX6:Q9U005:Q9TVG3,Q9U008:Q9U007:Q9TVW3:Q17115:Q17121
HFPPAAATDTAADAHDPARPGAK,Q7SIH1,,
HGASPNEVSSNGTTPL,F1MY81,,
HGASPNEVSSNGTTPL,F1MY81,,
HGASPNEVSSNGTTPLAIAK,F1MY81,,
HGASPNEVSSNGTTPLAIAK,F1MY81,,
HGEIDYEAIVK,Q2KIW6,F1MLV1,
HGFPLGSTVQSK,E1B824,,
HGFSYGNPF,A7AM54,,A7ATC2:Q86BU4:Q86BU5:A7AST8:A7AST6:A7AMB1:A7AWV5:A7ATC7:A7AVC1:A7AX22:A7AX21:A7AR28:Q2LIY5:A7AX17:A7AX14:A7AQW0:A7AWP5:A7AUL7:A7AQB2:A7AR30:A7ASZ1:A7AXI2:A7AVZ9:A7ARI4:A7AXH5:A7AXH7:A7AUM2:A7AML5:A7AT38:A7AT37:A7ASR1:A7AXH9:A7AWN8:Q9NJA6:A7ARH7:A7ARH6:A7AXD4:A7AR31:Q2LIX8:A7ATV8:Q2LIX5:Q9NJA8:Q9NJA7:A7AP49:Q86BU6:A7ASY9:A7AX29:A7AML3:A7AMU0:A7ANN4:A7AVQ6:A7AWP4:A7ALZ5:A7ATV6:Q9NJA5:A7AP45:A7AP48
HGLLESAVATR,F1MMQ8,,
HHQVTDGETKPVVGESVVISYEK,A7AQB7,Q2PKF8,
HHVDESVGNK,F1MAW1,,
HINEVVAGPVK,A7AWS4,,Q9U546
HKDFLEELEESR,F1MKE9,,
HLDDLPGALSELSDLHAHK,P01966,,
HLLEVEDLLQK,F1MKE9,,
HLPSDFTPAVHASLDK,P01966,,
HLVAQEGHIPVADVLIK,F1MY81,,
HLVAQEGHIPVADVLIK,F1MY81,,
HLVPIFEN,A7AQQ4,,
HNLEHAFEVAER,F1MKE9,,
HPELPSIESK,F1MMQ8,,
HPFFAVSENIVK,A7ATI2,Q17112:Q17116,Q17113
HPIEDLIIESSK,Q08DM1,,Q58CT9
HQLLETEMLAR,F1MMQ8,,
HQLYIDETVK,F1MAV0,P02676,
HQPQEFPTYVEPTNDEICEAFR,F1N5M2,,Q3MHN5
HQQTITIPAR,Q2UVX4,G3X7A5,
HRPDLIDFDK,F1MKE9,,F1MYC9
HRSPVEDVCTAKPR,P41361,F1MSZ6,
HSHASDMEALGGVKPVVVTH,Q9XSW5,,Q9TUQ0
HSNLMLEDLDK,E1BDB0,,
HSNLMLEDLDK,F1MCU7,Q9N179,
HTFEMLPEQLAK,A7ASW7,,
HTFSGVASVESSSGEAFHVGK,P12763,,
HTLPIVML,A7APT5,,
HYDSEEIAAIR,F1MMQ8,,
HYDSEEIAAIRDELLVR,F1MMQ8,,
HYTIAALLSPY,O46375,,
IAALAGQDEVVR,F1MY81,,
IAALAGQDEVVR,F1MY81,,
IADHSPALLR,Q05KI5,Q05KI6:Q17QH5,
IAELMPGASGAEVK,P62194,,
IAGSHAVYNTLPEDLAR,A7ASW7,,
IALLEEAR,P31976,,
IATRPNVNAGADPNIK,A7AQM3,,
IAVLSVAPK,A7ART2,,
ICDQNLADLYR,Q2KIF2,,
IDYIAGLDSR,Q56JW4,,
IEDLGESLEEALVLDLK,F1MMQ8,,
IEGLHNEDEGFKR,A7AP18,,
IEHLWPQGPSTVDAA,Q3SZV7,,
IEHLWPQGPSTVDAAF,Q3SZV7,,
IELLGSYDPQK,P11064,A5PK96,
IETLDPALIRPGR,A4FUZ3,,
IFMGAPGSGK,A7AVR4,,
IFQSIMIK,L1LD17,,
IFTISNGLK,A7ARK0,C7EA33:C7EA31:C7EA30:C7EA20:C7EMY1:C7EA15:C7EA14:C7EA16:C7EA27:C7EA25:C7EA21:C7EA22:C7EA28,C7EA32:C7EA26
IGDVVVQLGNAQEALER,A7ATC1,A7ATC5,
IGFPWSEIR,P31976,,Q2HJ49:F1MJJ8:Q32LP2
IGPILDNSTLQSEVKPVLEK,Q32PI5,A5D973,
IGSPVEFEAR,A7AT75,,
IHELYLPK,A2I7M9,Q9TTE1,
IHELYLPK,A2I7N2,,
IHELYLPK,G3N1U4,G8JKW7,Q3ZEJ6:A2I7N1:A2I7N0
IHLDDANESDHFENIQSTNW,Q32S38,,
IHVSDQELQSANASVDDSR,A3KMV5,,
IHYFDDQSFWK,Q148G0,,
IIGATNRPDIIDPAILRPGR,Q3ZBT1,G3X757,
IIGATNRPDIIDPAILRPGR,Q3ZBT1,G3X757,
IIPSAEDPSQDIVER,Q3SYR8,,
ILGGVISAISEAAAQYNPEPVPPR,P13135,,
ILLISEDLK,P26882,,
ILSDDVPIR,A3KMV2,,
ILTLSQVGR,Q0P5A6,F1N6Z0,
IMSLVELDMLATR,A7APT5,,
IPCVTPETVVIR,F1MY81,,
IPCVTPETVVIR,F1MY81,,
IPEVFLTK,F1N5M2,,Q3MHN5
IPGAPPASMGR,P50397,,
IPLDPVAGYK,P12763,,
IQALLDKYNEEKPK,P00432,,
IQEEGTEVELTGK,Q7SIH1,,
IQLVEEELDR,Q5KR47-2,,Q5KR47:G3X7S7:Q5KR49:Q5KR48:A6QR15:Q5KR48-2
IQVLQQQADDAEER,Q5KR47-2,,F1MV90
IQVNKPAVLR,Q3T0V9,,
IRDPLTLFEEK,Q32S38,,
ISEILLDHGAPIQAK,F1MY81,,
ISEILLDHGAPIQAK,F1MY81,,
ISLVDFSGITTK,A7ATI3,,
ITEALYGPK,P0C2H4,F1MM96,
ITELDLFAER,F1MMQ8,,
ITGYKPAGDVHNFHDTL,A7AWN6,,
ITGYKPAGDVHNFHDTLQFLK,A7AWN6,,
IVAIGTSDLDK,Q2T9Y6,,
IVEKPQIIEQWTER,A7ATU7,Q76L32,
IVENSDAVTEILNNAELLK,Q0P5A6,F1N6Z0,
IVILPDYLEIAR,F1N3P2,,
IVLMIEMMTNACKLP,I7IH08,,
IVSGIITPIHEQWEK,Q3SX30,,
IWHHTFY,Q5EF72,L1LE80:A7AX51:Q8MWR3,
IWHHTFY,Q3ZC07,P68138,
IWHHTFY,P63258,F1MRD0:P60712,I7IRD5
IYIDDGLISLVVK,Q1JPG7,,
IYTNYEAGKEDYVK,P28801,,
KAADETWEPF,O46375,,
KADIGLLPPLPTLDPEEK,G3MYZ3,,
KAVEHLDDLPGALSELSDLHAHK,P01966,,
KDDVLTLL,F1MMQ8,,
KDDVLTLLSSISK,F1MMQ8,,
KDYDTTPPVVR,Q2UVX4,G3X7A5,
KEELQELF,F1MKE9,,
KEFTPVLQADFQK,P02070,,
KEGGLGPLNIPL,Q9BGI3,,
KEGGLGPLNIPLLADVTR,Q9BGI3,,
KETKPEPMEEDLPENK,Q3ZBZ8,,
KETKPEPMEEDLPENKK,Q3ZBZ8,,
KFDEFQMDLK,F1MMQ8,,
KFEDFLLSMENNR,F1MKE9,,
KFEEFLADMEVR,F1MMQ8,,
KFPSGTFEQISHL,F1N5M2,,Q3MHN5
KGDGPVQGTIHFEAK,P00442,,F1MNQ4
KHEAFLVDLK,F1MMQ8,,
KHEAIETDTAAYEER,F1MKE9,,
KHGLLESAVATR,F1MMQ8,,
KHQLLETEMLAR,F1MMQ8,,
KIEFPLPDEK,A4FUZ3,,
KIEFPLPDRR,L0AZN6,A7AU36,
KIEFPLPDRR,F1MG70,Q3T030,
KIEFPMPNEEAR,F1MWE0,,
KIQVLQQQADDAEER,Q5KR47-2,,F1MV90
KIVAIGTSDLDK,Q2T9Y6,,
KKEEAPSLRPVPPPISGGGYR,F1MAV0,P02676,
KKHEAIETDTAAYEER,F1MKE9,,
KLEALENDFAVHEIR,F1MMQ8,,
KLELEGEKEPVPEEPGSPVK,F1MXA4,,
KLHVDPENFK,P02070,,
KLPDNYTQDTWQK,F1N3S4,,
KLSSDYGVLK,Q9BGI3,,
KLVIIEGDLER,Q5KR47-2,,Q5KR47:F1MV90
KLYAGAILEVCG,A8YXY3,,
KNLQDTENFF,F1MKE9,,
KNPIIAPELFK,Q4TWG6,,
KNPIIAPELFK,Q4TWG6,,
KNQTLQNEILGHTPR,F1MKE9,,
KPEPELDPSSIK,F1N161,F1MD74:F1MR96,
KPILPVVER,A7AWP3,,
KPLFPFK,E5RS65,E5RS63,E5RS64:E9RH18:E5RS62:Q8STI8:E5RSV7:F1T0Z8:F1T0Z9:G5EKL9:G5EKM0
KPLLESGTLGTK,A3KMV5,,
KQEGTPEGLYL,A4FUZ3,,
KQEVQAWDGEVR,F1N3P2,,
KTQELLSQLPFK,E1B773,P10575:G8JKV3,
KVGGHAAEYGAEALER,P01966,,
KVLDSFSNGMK,P02070,,
KVMMGNLTSVSESNRPAVADK,A7AV15,,
KVSDQWNELK,F1MKE9,,
KVSILAAIDEASK,P15497,,
KVVAGVANALAHR,P02070,,
KVVEQGMFVK,Q2HJE4,,
KWHEEVEIYR,P15497,,
KYASSANLHLPK,P34955,,
KYDGHTTYPSHVYE,P52556,,
KYEMFAQTL,Q3ZBT1,G3X757,
KYEMFAQTL,Q3ZBT1,G3X757,
LAALNPESNTAGLDIFAK,Q5E9B7,,
LAEQAVQAINK,Q58DC0,,Q58DC0-2
LAGTQPLEVLEAVQR,A3KMV5,,
LAHGGQVNLDMEDHR,Q3SZC4,,
LALQAQPVPDELVTK,F1MY81,,
LALQAQPVPDELVTK,F1MY81,,
LAMVPSHAVVAR,G3X6N3,,Q29443
LANVSTVLTSK,P01966,,
LAPQLSTEELTFLGK,G3MYZ3,,
LASHLPSDFTPAVHASLDK,P01966,,
LASPEHMNRPINGNGK,P28801,,
LASVAAGAFR,Q2KIF2,,
LAVYFDDFSK,Q4TWG6,,
LAVYFDDFSK,Q4TWG6,,
LDDLPGALSELSDLHAHK,P01966,,
LDFLIPLSK,Q32S38,,
LDFPTMK,A4FUZ1,,
LDLLEPLGR,F1MKE9,,
LDMLDLSNNLLTTVPT,Q2KIF2,,
LDNQEPGGQIAPK,P28800,,
LDQLVQHW,F1MMQ8,,
LDQLVQHWDQLK,F1MMQ8,,
LDQPMTEIVSR,A3KMV5,,
LDQVVESPAIPR,F1MY81,,
LDQVVESPAIPR,F1MY81,,
LDTIDQGDELIR,G5E630,,
LEAIEDDTVK,Q0IIF7,F1MJV5,
LEALENDFAVHEIR,F1MMQ8,,
LEALHQLWDELQANTQEMAQHL,F1MKE9,,
LEAPLEELR,Q0P5A6,F1N6Z0,
LEDSYHYQVF,F1MMQ8,,
LEDVLPLAEDITTILSK,F1N5M2,,Q3MHN5
LEETDDPDPDDYGGR,Q27970,,
LEGEDQFLEVAEAPEATQATFPVHR,Q2KJF1,,
LEGELLAHEPAIQNVLDTAER,F1MMQ8,,
LERDELESAWEQR,F1MMQ8,,
LESLQYGPQMTQENR,Q4TWG6,,
LESLQYGPQMTQENR,Q4TWG6,,
LFECPDDEIQR,A7AVR4,,
LFIVGSNSSSSTR,Q2T9Y6,,
LFKPSDEQLK,F1MH40,F1MZ96,
LFQDMLH,F1MKE9,,
LGDYADLK,F1MMQ8,,
LGEHEFEALMR,F1MXA4,,
LGLGGLLYK,E1BKM9,,
LGQYTSPVAK,E1BH06,P01030,F1MVK1
LGYEYVTALQNLR,G3X6N3,,Q29443
LGYISVTDVLK,F1MY81,,
LGYISVTDVLK,F1MY81,,
LGYSPLHQAAQQGHTDIVTL,F1MY81,,
LGYSPLHQAAQQGHTDIVTL,F1MY81,,
LGYSPLHQAAQQGHTDIVTLLLK,F1MY81,,
LGYSPLHQAAQQGHTDIVTLLLK,F1MY81,,
LHTALSVSLGSEAQAAH,F1MU26,,
LHVDPENFK,P02070,,
LHVDPENFKLLGNVLVVVLARNFGK,P02070,,
LHVDPENFKLLGNVLVVVLARNFGKEFTPVLQADFQK,P02070,,
LIAEEYPEKPK,A7AV50,,
LIDEIVQR,A7ANL4,,
LIEGNINSPR,A7AVR4,,
LIFSTITSK,F1MG70,Q3T030,
LILPVGPAGGNQMLEQYDK,P15246,G3MZZ6:P15246-2,
LINEMNGVNEK,Q2YDE1,E1BLC8,
LISWYDNEFGYSNR,P10096,,
LKEAWDDLQGLTK,F1MMQ8,,
LKEPMEPEPKPEGSEEPAVPVR,Q9XSW5,,Q9TUQ0
LLAEHPPHLTPGIR,Q2KHU0,,
LLALNPDAVELFR,Q0VBZ2,,
LLDNWDTLASTLSK,P15497,,
LLETTDRPDGHQNNLR,E1BFV0,,
LLEVLSGEMLPKPTK,F1MKE9,,
LLGNVLVVVLAR,P02081,,G3N1Y3
LLGNVLVVVLAR,P02070,,G3N1Y3
LLGNVLVVVLARNFGK,P02070,,
LLGQFSEEELAAEK,A5D7K0,,
LLGQPEPPAPGTALPAPDRK,E1BL26,,
LLMPVNTHR,E5RS65,E5RS63,E5RS64:E9RH18:E5RS62:Q8STI8:E5RSV7:F1T0Z8
LLPGDPYEK,E1BKU3,E1BJ08,F1MKB7
LLPVLPK,A7AVQ8,,
LLQALEPVHVAR,Q0P5A6,F1N6Z0,
LLSGEDVGHDEGATR,F1MKE9,,
LLSHSLL,P01966,,
LLSHSLLVT,P01966,,
LLSHSLLVTL,P01966,,
LLSHSLLVTLA,P01966,,
LLSHSLLVTLASHLPSDFTPAVH,P01966,,
LLSHSLLVTLASHLPSDFTPAVHA,P01966,,
LLSHSLLVTLASHLPSDFTPAVHASLDK,P01966,,
LLSHSLLVTLASHLPSDFTPAVHASLDKFLANVSTVLTSK,P01966,,
LLTEDIYQPR,Q7SIH1,,
LLTGIPGSPEPEHGSVQESQVSEQPSTEAGENPLEFLR,A3KMV2,,
LLTSQDVSYDEAR,F1MKE9,,
LLWDPSK,P52556,,
LLWDPSKVPPR,P52556,,
LMDVGLIAIR,Q3ZBZ8,,
LMEADIAIQGDK,F1MKE9,,
LPAISDQDMNAYLAEQSR,F1MIH8,,
LPALHIAAR,F1MY81,,E1BNC9:G3N3N0:G3N0C1:F1MQL2
LPALHIAAR,F1MY81,,E1BNC9:G3N3N0:G3N0C1:F1MQL2
LPENVTPEEQHK,A2I7N3,,
LPENVTPEEQHK,A2I7N2,,
LPFPIIDDK,O77834,,
LPGALSELSDLHAHK,P01966,,
LPLPELVR,F1N3P2,,
LPPNVVEESAR,Q7SIH1,,
LPSDFTPAVHASLDK,P01966,,
LPSEGPQPAHVVVGDVR,P52556,,
LPTDLAEDIAR,A7AQB7,Q2PKF8,
LPTPPPLAEEEGLASR,F1MY81,,
LPTPPPLAEEEGLASR,F1MY81,,
LPTQPQDVDDVR,G3MYZ3,,
LQDVTDDHIR,P52556,,
LQGSWDTLQEAAASR,F1MKE9,,
LQGVQNLLK,F1MMQ8,,
LQVLGEGLLAPQPK,Q2KIF2,,
LRVDPVNFKLLSHSLLVTLASHLPSDFTPAVH,P01966,,
LSAGHPEGEQIIR,F1MKE9,,
LSEITDLK,F1MMQ8,,
LSESHPDATDDLQSQQLK,F1MMQ8,,
LSFVTVDSNLR,Q7SIH1,,
LSGQLPSPSKPVPF,Q2KIT0,,
LSHPSDAAEIQQMK,F1MMQ8,,
LSISETYDLK,P34955,,
LSLTDSDWK,F1MLW8,,
LSLTSSDWK,F1MLW7,,F1MCF8
LSPLAQELR,P15497,,
LSPVIVEIPHFASQGR,F1MY81,,
LSPVIVEIPHFASQGR,F1MY81,,
LSSDYGVLK,Q9BGI3,,
LSSDYGVLKEDEGIAY,Q9BGI3,,
LSSDYGVLKEDEGIAYR,Q9BGI3,,
LSTADAVMNNPK,P02070,,
LTELLDLYQEDR,F1MX77,,
LTESYSSSQDPPEK,A3KMV5,,
LTHLDYVDTER,E1BE98,,
LTPAPVTHSSSSYEPSK,A7AXC2,,
LTPAPVTHSSSSYEPSKR,A7AXC2,,
LTSVVNGEQTLFK,A7ART2,,
LTVASHEEMHNTAPPGQGHR,P28783,,
LVAEGNLYSDK,F1MKE9,,
LVAQDNFGYDLAAVEAAK,F1MKE9,,
LVAQDNFGYDLAAVEAAKK,F1MKE9,,
LVDLHEAEAWIR,F1MMQ8,,
LVDTFLEDVK,P34955,,
LVIIEGDLER,Q5KR47-2,,Q5KR47:F1MV90
LVNHFVEEF,Q27975,Q27965,
LVPDDVVVK,A7AVR4,,
LVPDSSNIGPSSLR,A7ARK0,C7EA33:C7EA31:C7EA30:C7EA20:C7EMY1:C7EA15:C7EA14:C7EA16:C7EA27:C7EA25:C7EA21:C7EA22:C7EA28,
LVPLVQATFPENAVTK,F1MY81,,
LVPLVQATFPENAVTK,F1MY81,,
LVQAFQYTDEHGEVCPAGWTPGSDTIKPNVDDSK,Q9BGI3,,
LVTLASHLPSDFTPAVHASLDK,P01966,,
LWDPSKVPPR,P52556,,
LWDYLQELLQAR,F1MKE9,,
LWHENVDIDMPVVQK,A7ATI2,Q17112:Q17116,
LWLAEAEQTLGLPITDEQIQEMK,A3KN12,F1MHP6,
LYDVSDHSEVTNVNAK,A7AV89,,
LYGVIAANFK,Q4TWG6,,
LYGVIAANFK,Q4TWG6,,
LYQDYDTIGPEGGSLTSK,F1MY81,,
LYQDYDTIGPEGGSLTSK,F1MY81,,
LYQGAGGPGAGGFGAQGPK,Q27975,Q27965,
LYTLVLTDPDAPSR,P13696,,
MAELLLEHDAHPNAAGK,F1MY81,,
MAELLLEHDAHPNAAGK,F1MY81,,
MAQEVLTHLK,E1BE98,,
MDDREDLVYQAK,P62261,,
MDELQLFR,Q3ZBT1,G3X757,
MDELQLFR,Q3ZBT1,G3X757,
MDNQVLGYK,Q08DM1,,Q58CT9
MELITILEK,E1BFV0,,
MELQEIQLK,Q5KR47-2,,Q5KR47:G3X7S7:Q5KR49:F1MV90
MFRPETDVTDAEGR,A7AVA8,,
MGHLPIVK,F1MY81,,
MGHLPIVK,F1MY81,,
MGNSSESNALTAGEGVHDQAAAASNHHAVNDQLATSK,A7ASU0,,
MGVIYVPLTDKEK,P15246,G3MZZ6:P15246-2,
MGYTPLHVASHY,F1MY81,,
MGYTPLHVASHY,F1MY81,,
MIEEGHFAAEDVASR,F1MMQ8,,
MIMATNRPDTLDPALLRPGR,Q2KIW6,F1MLV1,
MLDNLGYR,E1BHK2,,
MLDNLGYR,F1MXA4,,
MLGGQEILVPLR,O02741,,
MLSAEEKAAVTSLFAKVKVDEVGGEALGR,P02081,,G3MZ21
MLSSAADLQK,F1MMQ8,,
MLVAEAAER,Q32KX8,,
MLVSFDHEK,Q32S38,,
MMGSADALPEEPSAK,Q0IIF7,F1MJV5,
MNDPLPAPSQPIVFK,Q2KIU3,,
MNLSEEVDLEDYVARPDK,F1MG70,Q3T030,
MNSLLGCAPHQHS,Q3SZV7,,
MNVSPDVNYEELAR,F1MWE0,,
MSTEEIIQR,F1MWE0,,
MSTITGPVPR,P02672,A5PJE3,
MTDILYLK,A7APT5,,
MTLADDVTLDDLIMAK,A4FUZ3,,
MTMSTVVLK,F1MMK9,,
MTPEQLAIK,Q17QP9,,
MVHCPIQTQVQR,Q29RS5,,
MVLETFGGDGHAR,P02672,A5PJE3,
MVSGFIPLKPTVK,Q7SIH1,,
MVVELLHK,F1MY81,,
MVVELLHK,F1MY81,,
MYHTFEMLPEQLAK,A7ASW7,,
NAALEHISLELH,A7AWS4,,Q9U546
NAGNDIDIYLDK,A7AV88,,
NAPAIIFIDELDAIAPK,Q3ZBT1,G3X757,
NAPAIIFIDELDAIAPK,Q3ZBT1,G3X757,
NDDLAMLTR,A7AV50,,
NDFTEEEEAQVR,Q3ZCF3,G3MZV0,
NDLSPTTVMSEGAQNIVAAMK,P52556,,
NDQLIIMIEQK,A7AQM3,,
NENLAANF,Q29RK4,,
NENLAANF,A3KMV2,,
NEPEETTQITYR,A7YWF1,,
NEYVLLF,A7ANJ7,,
NFDEILR,O77834,,
NFGKEFTPVLQADFQK,P02070,,
NFMESVPEPR,F1MCU7,Q9N179,F1MCU4
NFSDVHPEYGSR,P00432,,
NFVVVMVTK,Q29RK4,,
NFVVVMVTK,A3KMV2,,
NGVAIVDIVDPLISLSGEY,P00442,,
NIDKEQCDEIISK,A7AW24,,
NIPLLADVTR,Q9BGI3,,
NIVVASGGVVGMR,A7AQM3,,
NIYEVDAPASR,A7APT5,,
NLKPIKPMQFLGDEETVR,Q3SZ62,,G3N3V1
NLKPVVAEFHGTK,G3X6N3,,Q29443
NLLSVAYK,P63103,,P68252:P68509:Q0VC36:L0AVC4:F1MPT3:A7Z057:A7AUI2:I7JB19
NLLSVAYK,P62261,,P68252:P68509:Q0VC36:L0AVC4:F1MPT3:A7Z057:A7AUI2:I7JB19
NLLSVAYK,P68250,P68250-2,P68252:P68509:Q0VC36:L0AVC4:F1MPT3:A7Z057:A7AUI2:I7JB19
NLLSVAYK,Q3SZI4,,P68252:P68509:Q0VC36:L0AVC4:F1MPT3:A7Z057:A7AUI2:I7JB19
NPALMVGMDEK,Q5EF72,L1LE80:A7AX51:Q8MWR3,
NPIIAPELFK,Q4TWG6,,
NPIIAPELFK,Q4TWG6,,
NQEIQWMETAR,Q9XSW5,,Q9TUQ0
NQTLQNEILGHTPR,F1MKE9,,
NQVALNPQNTVFDAK,Q27975,Q27965,
NRPTSITWDGLDPGK,P13696,,
NSLTGLFPGFFR,Q2KIF2,,
NSNPALNDNLEK,Q5E9B7,,
NSQLEQENNLLK,Q3MHL6,,
NTEQSIISEELIAEGK,F1MMR8,,
NTLPEDLAR,A7ASW7,,
NVQKPESVSDHMYR,Q0P565,,
NVSSTQIVGPGPKPEPPAKPASR,Q3ZBV1,F1MXJ5,
NWETEITAQPDGGK,Q2KIS7,,
NWILETR,F1MMQ8,,
NYELLCGDNTR,G3X6N3,,Q29443
PALELLEPIEQK,P50397,,
PALLPASASGEPVGGDGDGET,F1MMH1,,
PAPEFQATAVVDGAFK,Q9BGI3,,
PAVPVPNPPPIDPASLEEFK,F1MHE4,,
PGALSELSDLHAHK,P01966,,
PLENLEEEGLPK,Q3T0B2,F1MXE4,
PLVFILNRPK,L1L9N9,,
PPEKGEEYPK,Q3SZV7,,
PQMPAHKPSKPAVVEPK,A7AMI5,,
PQVIGMLSK,L1LEL1,,
PSDFTPAVHASLDK,P01966,,
PTSAPAIAPSPAAEGGVPGAPVK,F1MCU7,Q9N179,F1MCU4
PTSAPAIAPSPAAEGGVPGAPVKK,F1MCU7,Q9N179,F1MCU4
PVLGFVR,Q9XSW5,,Q9TUQ0
QADQPTKPEGNLNGQNEPAK,Q4TWG6,,
QADQPTKPEGNLNGQNEPAK,Q4TWG6,,
QASALIDRPAPHFER,F1MCU7,Q9N179,F1MCU4
QASSLIDRPAPHFER,E1BDB0,,
QATAEDPSGHLMNR,A7AT72,,
QATFSPIVTVEPR,F1MY81,,
QATFSPIVTVEPR,F1MY81,,
QAVLTQPSSVSGSLGQR,F1MLW7,,
QAVLTQPSSVSGSLGQR,G5E604,G5E5H2:G5E5V1,
QDTVLDGSFIVR,F1MMD7,Q3T052,
QEAFLENEDLGNSLGSVEALLQK,F1MMQ8,,
QEFETTFR,F1MMQ8,,
QEKPAERPVETPVATTPTSTDSTSGDSSR,Q29RK4,,
QELNTLSASFLDK,F1MER2,Q865F8,
QELNTLSASFLDKYR,F1MER2,Q865F8,
QEQIENQYHSLLHR,F1MMQ8,,
QESLELIR,Q2UVX4,G3X7A5,
QESPSVSVTGHAAPGHK,Q3ZCH5,,
QETLHASLQSFHQER,F1MMQ8,,
QEYDESGPSIVHR,P63258,F1MRD0:P60712,
QFDIQLLTHNDPK,Q2T9Y6,,
QFFQDLDDEEFWIAEK,F1MMQ8,,
QFLEVWEK,P80227,,
QFLGDEETVR,Q3SZ62,,G3N3V1
QGASPNVQDASGTTPAHDAAR,Q29RV0,,
QGLLPVLESLK,P15497,,
QGQMVNLIR,Q27970,,
QHSLEEQIQAR,F1MMQ8,,
QHTIELPK,A7ATI2,Q17112:Q17116,Q5XXE0:Q17113
QLLGQDAWTSQK,E1BG52,,
QLMEEKPQFAVLVSQK,F1MKE9,,
QLSGEQDEQDKALQEFR,F1MER2,Q865F8,
QLTEMGFPETR,Q0VBZ2,,
QLVDISQDNALR,Q3ZCL8,G3X6S5,
QPLTSPGSVSSSR,Q08DM1,,
QQLGQENPQLLQQISR,A3KMV2,,
QQTQHAVEGDCDIHVLK,P12763,,
QRPEEGSEAEPGSPR,E1BG52,,
QRPLLETEVLF,F1MMQ8,,
QRPLLETEVLFMK,F1MMQ8,,
QSESVDHINTMDDYKK,A7AVA8,,
QSSSPSPPEEPPGPSATSVEK,E1BG52,,
QTLQSEQPLQVAR,Q5E9F9,,
QTNPSAMEVEEDDPVPEIR,Q3ZBT1,G3X757,
QTNPSAMEVEEDDPVPEIR,Q3ZBT1,G3X757,
QTTVSNSQQAYQEAFEISK,P68250,P68250-2,
QVEDDIQQLLK,Q5E9F9,,
QVIQQNPALLPALL,A3KMV2,,
QVLLGDQIPK,Q3MHN0,,
QVNTSNLTIPGMTK,A7AVY5,,
QVNYQGQMVNLIR,Q27970,,
QVTINDLPVGR,Q9BGI3,,
QVTVPNVPIR,Q3Y5Z3,,
QYTDEHGEVCPAGWTPGSDTIKPNVDDSK,Q9BGI3,,
RAPELGHGVEGGNVAKPDPEVTER,Q3SZV7,,
REELLDHLEK,A0JNC0,G1K1R3,
RGAEEQLVPR,Q2KJF1,,
RHEFLIFEDR,P31754,,
RHPELSTPELLR,G3MYZ3,,
RIHELYLPK,A2I7M9,Q9TTE1,
RIHELYLPK,A2I7N2,,
RIHELYLPK,G3N1U4,G8JKW7,Q3ZEJ6:A2I7N1:A2I7N0
RIQLVEEELDR,Q5KR47-2,,Q5KR47:G3X7S7:Q5KR49:Q5KR48:A6QR15:Q5KR48-2
RLDEELEDAEK,Q3T0B2,F1MXE4,
RLDFLPLK,F1N761,,
RLEGELLAHEPAIQNVLDTAER,F1MMQ8,,
RNDDLAML,A7AV50,,
RPDSSLESTHTSADIAPR,A7AWC8,,
RPSGHLVSVLSGAEESFVASLVR,P23132,,
RQLEDGTF,A7AQX5,,
RQNDLEANVQFQQY,F1MMQ8,,
RVEIMEEESEQ,Q0IIF7,F1MJV5,
SAADSISESIPVGPK,F1N3P2,,
SAGPQSQLLASVIAEK,F1MXA4,,
SAGWNIPMGK,G3X6N3,,
SALASVIMGLSPILGK,Q32PI5,A5D973,
SASCVPCADQSSFPK,G3X6N3,,Q29443
SASFLDKYR,F1MER2,Q865F8,
SATWDVVGKPSEEEDPKR,A7AQM3,,
SCESNSPFPVHPGTPECCTHEGLEK,F1N5M2,,Q3MHN5
SDDKGSLDTLEALMK,F1MMQ8,,
SDEGLYELESPGVR,A7YW37,,
SDIATLLK,Q2HJE4,,
SDLPFPEK,G5E513,,
SEESQDTVTTTLHDEMK,Q3LUR2,,
SELMSAEINQLK,F1N4W2,,
SELSDLHAHK,P01966,,
SEQFINLR,Q27970,,
SFECYRPEAK,F1N4M7,,
SFQENIAQLTEK,F1N4W2,,
SFSAPEHQPSALEHR,P00432,,
SFVASLVR,P23132,,
SGAEESFVASLVR,P23132,,
SGLSSPVYIDLR,P31754,,
SGLTPLHVAVHHNHLDVVR,F1MY81,,
SGLTPLHVAVHHNHLDVVR,F1MY81,,
SGQDPDHFRPAGLPK,Q32L76,,
SGSLENMPNVGINK,A5D7K0,,
SGVHTFPAVLQ,G3N0V0,,
SGVHTFPAVLQSSGLY,G3N0V0,,
SHGSHEYHAESIANIR,Q1JPG7,,
SHLPSDFTPAVHASLDK,P01966,,
SHPSAPPPYEDR,Q6QRN7,,
SHSLLVTLASHLPSDFTPAVHASLDK,P01966,,
SIDWMDGIK,F1MKE9,,
SIFDNIYGK,A7AQQ4,,
SIMEAGTDIYR,A7APT5,,
SISVLGPP,F1MDF1,,
SKGSYSCEVTHEGSTVTK,F1MLW7,,F1MCF8
SKGSYSCEVTHEGSTVTK,F1MLW8,,
SLAEVANQLLDR,Q9XSW5,,Q9TUQ0
SLAEVANQLLDRF,Q9XSW5,,Q9TUQ0
SLETSLVPLSDPK,G1K1R6,A6H768,
SLFDKDGDGTITTK,F1N6C0,P62157,F1MLH6
SLFFPDEAINK,Q32S38,,
SLFTDVVAEK,Q7SIH1,,
SLGISPFHEFAEVVF,O46375,,
SLGISPFHEFAEVVFTANDSGPR,O46375,,
SLGLQLPDGQR,F1N4K1,,
SLLEHVELPR,Q08DM1,,Q58CT9
SLLSELSDPVELR,Q2KJF1,,
SLLTNLDEVKK,E1BKM4,,
SLLVTLASHLPSDFTPAVHASLDK,P01966,,
SLNENMESLQAR,F1MMQ8,,
SLQADFDK,Q3SZF0,,
SLQEVDERPQHPLQVK,P13696,,
SLQPVAVELK,Q3T0P6,,G3X7N4
SLTNDWEDHLAVK,Q76LV2,,Q76LV1
SLTTTLVK,F1MH40,F1MZ96,
SMGSQEDDSGNKPSSYS,A6H7B5,,
SMVNTKPEQAEEESEEVR,Q5EAC6,F1MHL1,
SNEGEYHIETLDR,A7AN57,,
SNSFVYLEPLPR,Q7SIH1,,
SPDLEPVLR,P01045,P01044:F1MNV5:P01044-2:P01045-2,
SPIAEAVFR,P11064,A5PK96,
SPIVTVEPR,F1MY81,,E1BNC9
SPIVTVEPR,F1MY81,,E1BNC9
SPLTWIEEK,A5D7K0,,
SPMFAVSENIVK,A7ATI2,Q17112:Q17116,Q5XXE0:Q17113
SPNELVDDLFK,Q3SZC4,,
SPPEPHTPPSTPVK,E1BHK2,,
SPPSVTLFPPSTEELNGNK,F1MLW7,,F1MCF8
SPSEESAPTTSPESVSGSVPSSGSGGR,A3KMV2,,
SPVEDVCTAKPR,P41361,F1MSZ6,
SSDELEDSFQALAEGK,F1MMQ8,,
SSEAFPTNFGDPEAAK,G3N1U4,G8JKW7,
SSQISPDLIR,Q2T9Y6,,
SSSSGHYVSWVK,Q0IIF7,F1MJV5,
SSTTSMTSVPKPLK,P56701,,
STSPPPSPEVWAESR,Q08DM1,,Q58CT9
SVATQEVALDMAK,A7ART2,,
SVDFNNWK,Q3ZBF7,,
SVFPEQANNNEWAR,Q2KJ46,,
SVGYKPDFVGFEIPDK,Q3SZ18,,
SVLGDILGSAMR,Q7SIH1,,
SVLGDVGITEVFSDR,P34955,,
SVTEQGAELSNEER,P63103,,
SWFVDDVEVHTAR,G3N0V0,,
SYDVPPPPMEPDHPFYSNISK,Q3SZ62,,
SYEDPTNIQGK,F1MMQ8,,
SYELDYGFK,A7ARV2,,
SYQDPSNAQFLESIR,Q3SZC4,,
SYSTTALVSSPK,O46375,,
TAAVLLQNDPNPDVLSK,F1MY81,,
TAAVLLQNDPNPDVLSK,F1MY81,,
TAFDEAIAELDTLNEESYK,P68250,P68250-2,
TAGPQSQVLSGVVMDR,E1BHK2,,
TALINADELPIDVTGGEALLDR,F1MMQ8,,
TASDKSYEDPTNIQGK,F1MMQ8,,
TCTIPGVYR,Q2KIU3,,
TDIAPGEEVTLTEK,A7ARV2,,
TDQVIQSLIALVNDPQPEHPLR,F1MC72,Q3MHP1,
TEASPAAAPVPVAEDVPR,F1N161,F1MD74:F1MR96,G3N2N7
TEEEPGLQEEEGETAGEAPR,F1MKE9,,
TEEPLDVVKPVENR,A7ART2,,
TENGDLRPQGGAGSGSGDGVSVVPQTPGK,Q4TWG6,,
TENGDLRPQGGAGSGSGDGVSVVPQTPGK,Q4TWG6,,
TESSTVTPTAPGETR,F1N076,,
TESVTSGPMSPEGSPSK,F1MXA4,,
TFEGIDPK,P50397,,
TFHEASEDCISR,Q2KIS7,,
TFPEVLR,G5E5T5,,
TGQAAELGGLLK,Q2KI42,Q2KI42-2,
TGQEMIDSNHY,F1MMQ8,,
TGQEMIDSNHYASDK,F1MMQ8,,
THAAGTPSEPSATVTIEELDPPPAPTLTVDR,Q2KJF1,,
THYSNIEANESEEVR,P13135,,
TIAPALVSK,Q9XSJ4,F1MB08,
TIPPSFADIFLTK,G5E5T5,,
TIPPSFADIFLTK,G5E513,,
TISGIPSSNIQSLEVNR,E1BIK4,,
TIVYFPVQGR,P28801,,
TLAHLEPPDSLEAAEAGIR,F1MKE9,,
TLASHLPSDFTPAVHASLDK,P01966,,
TLHPAVHAGILAR,Q0VCK0,,
TLLVGYTK,F1N5M2,,Q3MHN5
TLMELLNQMDGFDTLHR,Q2KIW6,F1MLV1,
TLMTQIDGVNLAANSLVESNHPR,F1MKE9,,
TLNEWSSQISPDLIR,Q2T9Y6,,
TLNINGQIPTGEGPPLVK,F1MCU7,Q9N179,F1MCU4
TLNPEHLGQGGVQR,Q2UVX4,G3X7A5,
TLSASFLDK,F1MER2,Q865F8,
TLTIVDTGIGMTK,Q76LV2,,Q76LV1:G5E507
TLVLTDPDAPSR,P13696,,
TMLELLNQLDGFDSR,A4FUZ3,,
TMVVHEKPDDLGR,P00442,,F1MNQ4
TNMMVGESLR,A7AQC3,,
TNMMVGESLR,A7AQC8,,
TNPNHPTLWRPEYGSY,Q32S38,,
TNSNDADLTALSTLLAK,F1MMQ8,,
TPFNPNHTYESEFHVSQNER,A2I7N3,,
TPIVGQPSIPGGPVR,P12763,,
TPRPTSAPAIAPSPAAEGGVPGAPVK,F1MCU7,Q9N179,F1MCU4
TPSNELYKPLR,E1BKM4,,
TQLVDTADKFR,F1MKE9,,
TQPSSVSGSLGQR,F1MLW7,,G3N2D7
TQPSSVSGSLGQR,G5E604,G5E5H2:G5E5V1,
TQTVTISDTANAVK,F1MCU7,Q9N179,F1MCU4
TSDANINWNNLK,G3X6N3,,Q29443
TSEFDSAHTPVHY,E5RS65,E5RS63,E9RH18:E5RS62:Q8STI8:E5RSV7:F1T0Z8:F1T0Z9:G5EKL8:G5EKL9:G5EKM0
TSEFDSAHTPVHYK,E5RS65,E5RS63,E9RH18:E5RS62:Q8STI8:E5RSV7:F1T0Z8:F1T0Z9:G5EKL8:G5EKL9:G5EKM0
TSEQPEEIEDLPQ,A4PJ02,,
TSESGELHGLTTEDK,O46375,,
TSLGDIFMK,A7ATI2,Q17112:Q17116,Q5XXE0
TSLPHFHHPETTRPDSNIYK,Q08DM1,,Q58CT9
TSSEILGLIGEK,F1MKE9,,
TTDKYDGHTTYPSHVYE,P52556,,
TTGGPPDPSDIHVHK,F1MG10,A6QQ21,
TTPSPNQTLPSSSSTSR,F1N761,,
TTYPSHVYE,P52556,,
TVAGQDAVIVLL,P52556,,
TVAGQDAVIVLLGTR,P52556,,
TVDLKPDWGK,Q3ZBZ8,,E1BMG0
TVGPHQFLGDQEAIQAAIK,E1B959,F1MX69:Q3T014,
TVLQDIPVR,Q7SIH1,,
TVQQHAGETEPVATMR,Q3B7M2,Q3B7M2-2,
TWLTVEVLER,F1MMQ8,,
TYDELNPEVILR,A7AWS4,,Q9U546
TYDSYLGDDYVR,G3X6N3,,Q29443
TYFPHFDLSHGSAQVKGHGAK,P01966,,
VADDLQFEELLTPEGAQIQQELNAR,F1MMQ8,,
VAEEHAPSIVFIDEIDAIGTK,A4FUZ3,,
VAEFHTELER,Q3SYT7,F1MYH8,
VAELASHQGWLENIDAEGK,F1MKE9,,
VAEVLFEK,I7JAZ1,,
VAGMDVELTVEER,P62261,,
VAGVANALAHR,P02070,,
VAHSEKPGSTSAVSFR,Q0VCY1,,
VAPEEHPVLLTEAPLNPK,P63258,F1MRD0:P60712,
VAPLGEEFR,P15497,,
VATPVDWK,O77834,,
VCTMETYITYR,E1BMD8,,
VDDLIELIVSDIER,A7AQQ4,,
VDENNPEYLR,E1BHK2,,
VDGVTQSSSNFQNSFTDQDSK,F1MH40,F1MZ96,
VDILDPALLR,F1MWE0,,
VDIVAINDPFIDLH,P10096,,
VDNVNAIIER,F1MKE9,,
VDPVNFKLLSHSLLVTLASHLPSDFTPAVHASLDK,P01966,,
VDYEGVIPTTEER,A7AQV7,,
VDYFDLQR,E1BL26,,
VEHLDDLPGALSELSDLHAHK,P01966,,
VETDDHQGFVPAVY,F1MMQ8,,
VETPLHM,F1MY81,,
VETPLHM,F1MY81,,
VETPLHMAAR,F1MY81,,
VETPLHMAAR,F1MY81,,
VFASPDHRPAAATSR,E1BL26,,
VFDKDGNGYISAAELR,F1N6C0,P62157,F1MLH6
VFEEDGAPVPALR,F1MXA4,,
VFEEELAANQIR,F1MMQ8,,
VFEVMLATDR,P15246,G3MZZ6:P15246-2,
VFPDLYTDR,A7AVQ8,,
VFSDENPQDEESAIVMLK,F1MKE9,,
VFSMSPEEFGK,Q08DM1,,Q58CT9
VFVETEEGFTR,A7AWS4,,Q9U546
VFWNDAYLAQSK,Q9XSW5,,Q9TUQ0
VGGHAAEYGAEAL,P01966,,
VGGHAAEYGAEALE,P01966,,
VGGHAAEYGAEALER,P01966,,
VGKPAPEFQATAVVDGAFK,Q9BGI3,,
VGQAVDVVGQAGKPK,P56701,,
VGVNGFGR,P10096,,
VHLENMGSHDIVDGNHR,F1MKE9,,E1BMN5:F1MYC9
VHQVTPQTHFIS,A5PK88,,
VIAAEGEMNASR,F1N2R1,,
VIALGPTGVQF,F1MY81,,
VIALGPTGVQF,F1MY81,,
VIALGPTGVQFLSPVIVEIPHFASQGR,F1MY81,,
VIALGPTGVQFLSPVIVEIPHFASQGR,F1MY81,,
VIGGDDLSTLTGK,Q3SZ18,,G3N0T0
VIHDHFGIVEGLMTTVH,P10096,,
VIISAPSADAPMFVMGVNHEK,P10096,,
VILAHVTAQPAPNPEDLK,Q7SIH1,,
VINQILTEMDGMSTK,Q3ZBT1,G3X757,
VINQILTEMDGMSTK,Q3ZBT1,G3X757,
VITKPEGQEQSQVAEKPVEDESR,F1MMD7,Q3T052,
VIVDYVDK,A7AWS4,,Q9U546
VKVDEVGGEALGR,P02081,,G3MZ21
VKVDEVGGEALGR,P02070,,
VLDIANDILQDINR,Q58D62,,
VLDPPKEELSK,G3N0V0,,
VLDQYIFELSR,F1N5M2,,Q3MHN5
VLDSDTESSK,E1BHF0,E1BFX2,
VLDSFSNGMK,P02070,,
VLDSFSNGMKHLDDLK,P02070,,
VLELDNVK,Q32PI5,A5D973,
VLIAAHGNSLR,Q3SZ62,,G3N3V1:F1N2F2:Q32KV0
VLMATNRPDTLDPALMR,Q5E9F9,,
VLMATNRPDTLDPALMRPGR,Q5E9F9,,
VLRPGSSASL,Q2KJF1,,
VLSAADKGNVK,P01966,,
VLSAADKGNVKAAWGK,P01966,,
VLSAADKGNVKAAWGKVGGHAAEYGAEALER,P01966,,
VLSPAGPEAQF,Q2KJF1,,
VLSSVVIDLK,A7APT5,,
VLTPEEQLADK,Q0VCU8,G8JKV2,
VLTQPSSVSGSLGQR,F1MLW7,,G3N2D7
VLTQPSSVSGSLGQR,G5E604,G5E5H2:G5E5V1,
VLVTVDPEFQTR,Q1JPG7,,
VLVVVLAR,P02081,,G3N1Y3:F1N0V8
VLVVVLAR,P02070,,G3N1Y3:F1N0V8
VMMGNLTSVSESNRPAVADK,A7AV15,,
VNEVNQYANECAEEK,F1MMQ8,,
VNEVNQYANECAEEKHPELPSIESK,F1MMQ8,,
VNGHFLKPIIDR,A7AQC3,,
VNGHFLKPIIDR,A7AQC8,,
VNGWMHSSNQIWH,L0AXQ8,,
VNILGEVVEK,F1MXA4,,
VNLQGDIVDR,E1BHK2,,
VNQLTDTDYH,Q9XSW5,,
VNQLTDTDYHTTSQHPETH,Q9XSW5,,
VNQLTDTDYHTTSQHPETHK,Q9XSW5,,
VPQNLADEMMK,A7ANS3,,
VPTAHLEDVLPL,F1N5M2,,Q3MHN5
VPTAHLEDVLPLAEDITTILSK,F1N5M2,,Q3MHN5
VQETLLNEGFR,F1N4W2,,
VQNVCAQGEDILSK,F1MMQ8,,
VQPYLDEFQK,P15497,,
VQTDKPIYKPEQTVK,Q7SIH1,,
VRDPSRLPSEGPQPAHVVVGDVR,P52556,,
VSDQWNELK,F1MKE9,,
VSETPGQTEQKEDLPQ,D5MTL9,,
VSFDSMPEDLAAR,A7ANL4,,
VSHVSTGGGASLELLEGK,Q3T0P6,,
VSILAAIDEASK,P15497,,
VSILAAIDEASKK,P15497,,
VSIRPAPETVK,Q2UVX4,G3X7A5,
VSIVTPEDILR,Q0IIF7,F1MJV5,
VSSVELLMK,F1MKE9,,
VTDAVVLVDR,P31754,,
VTEIGALLDK,A7AQM3,,
VTHETSAHEGQTEAPNIDEK,Q2TBG8,,
VTHGQTDPEYL,F1MKE9,,
VTHGQTDPEYLLL,F1MKE9,,
VTHGQTDPEYLLLGQR,F1MKE9,,
VTINDLPVGR,Q9BGI3,,
VTLASHLPSDFTPAVHASLDK,P01966,,
VVAGVANALAHR,P02070,,
VVAGVANALAHRYH,P02070,,
VVDLMVH,P10096,,
VVDLMVHMASK,P10096,,
VVLVGGVAPASFR,Q32LP0,G3N0K1,
VVSALPIQH,G3N0V0,,
VVSALPIQHQDWTGGK,G3N0V0,,
VVTDETTVQLITDK,F1MY81,,
VVTDETTVQLITDK,F1MY81,,
VVVHQETEISEE,F1MCU7,Q9N179,F1MCU4
VVVLPFPSK,Q58D62,,
VYAAPPSGDPAVETK,Q32PA4,,
VYAFTEADYDEMVK,A7ART2,,
VYPPEKGEEYPK,Q3SZV7,,
WALSQSNPSALR,Q3ZBT1,G3X757,
WALSQSNPSALR,Q3ZBT1,G3X757,
WEQLLEASEVHR,F1MMQ8,,
WGVISASVDDR,Q32S38,,
WHEEVEIYR,P15497,,
WIELQEATEQK,F1MMQ8,,
WKPMSPEIIR,Q17117,A7ASX3:Q00708,
WLAQMEIPDTLEDLEVVQHR,F1MKE9,,
WLVANENK,Q2KIF2,,
WNSATGNEYRPVK,A7AV88,,
WQDFQTMVSER,F1MKE9,,
WQIGEQEFEALMR,E1BHK2,,
WTQRFFESFGDLSTADAVMNNPK,P02070,,
WVGLEENLGK,Q9XSW5,,Q9TUQ0
YAFQEALNSAGEK,G8JKZ8,O97680,
YASSANLHLPK,P34955,,
YDEMVESMK,P62261,,
YDGHTTYPSHVYE,P52556,,
YEDFKEEGSENAVK,Q2HJ33,,
YETQTLVEELR,A7AVR4,,
YFDGSGGNNHAVEHFR,F1N3P2,,
YFGNNISTK,O46510,E1BG43,
YFYTSSEILGLIGEK,F1MKE9,,
YGAPSYVR,Q05B57,,
YGGAEVDELGK,P13696,,
YHQGIQAEIETR,F1MKE9,,
YIAIASTTVETK,P50397,,
YITPDELANLYK,Q9XSJ4,F1MB08,
YLAEFATGNDR,P62261,,
YLAEFATGNDRK,P62261,,
YLFLNDNR,Q2KIF2,,
YLFTGLK,Q0IIF7,F1MJV5,
YLINTNDGFVK,A7AWS4,,Q9U546
YLLPEPENR,A7ATV9,,A7ASQ6
YLLPEPENR,A7AST9,,A7ASQ6
YLLPEPENR,A7ATV9,,A7ASQ6
YLLPKPENR,A7ATV9,,
YLLPKPENR,A7ATV9,,
YLPMVEEGEPEPK,F1MMQ8,,
YLPSPAKPDPS,Q9XSW5,,Q9TUQ0
YLPSPAKPDPSIFK,Q9XSW5,,Q9TUQ0
YLQTLTTIAAEK,F1N2R1,,
YNDIDLTK,Q32S38,,
YPATKPGQPNFDK,A7ASH6,,
YPEAPPSVR,Q3SZ43,,
YPIEHGIITNWDDMEK,Q3ZC07,P68138,Q5E9B5:G8JKX4:P62739:F1MKC4
YPIEHGIVTNWDDMEK,P63258,F1MRD0:P60712,I7IRD5
YQHLLDDNKEGTPGKPK,F1N161,F1MD74:F1MR96,G3N2N7:P20811
YQQVPGSGLR,F1MLW7,,G3N2D7
YVAVMPPH,P52556,,
YVAVMPPHIGDHPLTGA,P52556,,
YVAVMPPHIGDHPLTGAY,P52556,,
YVFSPNDK,F1N015,P30907,
YVKPISTTAVEGAE,Q0P5A6,F1N6Z0,
YYLPMVEEGEPEPK,F1MMQ8,,
YYTSASGDEMVSLK,Q76LV2,,
