group,sibling,seqid,other_seqids,peptides,subset_seqids
1,1,Q2NKU4,,GNVVPSPLPTR,
2,1,G3MXG6,"G3N1H5,G3N1R1,G3MZH0,G3MXD9,G3N3Q3",ESGPSLVKPSQTL,
3,1,Q32S38,,"LDFLIPLSK,FKPPPPNSDIGWR,GLLSQGSPLSWEETQR,IRDPLTLFEEK,IHLDDANESDHFENIQSTNW,AQLVLSGEELLETLQEK,TNPNHPTLWRPEYGSY,WGVISASVDDR,GGTMSEFNTVEDNMR,YNDIDLTK,SLFFPDEAINK,MLVSFDHEK",
4,1,P13696,,"TLVLTDPDAPSR,SLQEVDERPQHPLQVK,LYTLVLTDPDAPSR,YGGAEVDELGK,GNNISSGTVLSDYVGSGPPK,NRPTSITWDGLDPGK",
5,1,P0C2H4,F1MM96,ITEALYGPK,
6,1,Q05KI5,"Q05KI6,Q17QH5",IADHSPALLR,
7,1,L0AZN6,A7AU36,"GVILYGPPGTGK,KIEFPLPDRR","E1BPU3,A7AX69,I7J5R5,F1MFP1,L1LE61,L1LDE9,A7ATT4,I7JBA1,A7AS29,A7ARW4,I7I9G6,L0AZF9,L1LFB8"
7,2,A4FUZ3,,"MTLADDVTLDDLIMAK,IETLDPALIRPGR,KIEFPLPDEK,TMLELLNQLDGFDSR,KQEGTPEGLYL,GVILYGPPGTGK,VAEEHAPSIVFIDEIDAIGTK","E1BPU3,A7AX69,I7J5R5,F1MFP1,L1LE61,L1LDE9,A7ATT4,I7JBA1,A7AS29,A7ARW4,I7I9G6,L0AZF9,L1LFB8"
7,3,P62194,,"GVILYGPPGTGK,IAELMPGASGAEVK","E1BPU3,A7AX69,I7J5R5,F1MFP1,L1LE61,L1LDE9,A7ATT4,I7JBA1,A7AS29,A7ARW4,I7I9G6,L0AZF9,L1LFB8"
7,5,F1MG70,Q3T030,"EAVELPLTHF,KIEFPLPDRR,LIFSTITSK,ELLKPNASVALHK,MNLSEEVDLEDYVARPDK",
8,1,Q9XSW5,,"GDPEEYEDQLEETLEQK,SLAEVANQLLDR,VNQLTDTDYH,HSHASDMEALGGVKPVVVTH,VNQLTDTDYHTTSQHPETHK,ALLSLVPVQK,EPMEPEPKPEGSEEPAVPVR,FTFEGQIQPDDQDNLLR,SLAEVANQLLDRF,WVGLEENLGK,YLPSPAKPDPSIFK,YLPSPAKPDPS,DGIWGRPHLPY,NQEIQWMETAR,VNQLTDTDYHTTSQHPETH,GTVLLDLPGK,LKEPMEPEPKPEGSEEPAVPVR,PVLGFVR,VFWNDAYLAQSK",Q9TUQ0
9,1,P02672,A5PJE3,"GDSVSQGTGLAPGSPR,GLIDEVDQDFTSR,MSTITGPVPR,MVLETFGGDGHAR,GNLDDFFHR",
10,1,A7ATC1,A7ATC5,IGDVVVQLGNAQEALER,
11,2,A7AM54,,"HGFSYGNPF,ASLTEAPTNLK,GELDGVMK","A7ATC2,Q86BU4,Q86BU5,A7AST8,A7AST6,A7AMB1,A7AWV5,A7ATC7,A7AVC1,A7AX22,A7AX21,A7AR28,Q2LIY5,A7AX17,A7AX14,A7AQW0,A7AWP5,A7AUL7,A7AQB2,A7AR30,A7ASZ1,A7AXI2,A7AVZ9,A7ARI4,A7AXH5,A7AXH7,A7AUM2,A7AML5,A7AT38,A7AT37,A7ASR1,A7AXH9,A7AWN8,Q9NJA6,A7ARH7,A7ARH6,A7AXD4,A7AR31,Q2LIX8,A7ATV8,Q2LIX5,Q9NJA8,Q9NJA7,A7AP49,Q86BU6,A7ASY9,A7AX29,A7AML3,A7AMU0,A7ANN4,A7AVQ6,A7AWP4,A7ALZ5,A7ATV6,Q9NJA5,A7AP45,A7AP48,Q86BU3,A7AX27"
12,2,A7ATV9,,"YLLPKPENR,YLLPEPENR",A7ASQ6
13,1,A7ATC4,,ALPFDLAK,
14,1,A7YWF1,,"EGNEPEETTQITYR,NEPEETTQITYR",
15,1,A7AST9,,"FFSLSEK,YLLPEPENR","A7ASQ6,A7AUY3,A7AUW7,A7AQB1,A7AM52"
15,2,A7ATV9,,"YLLPKPENR,YLLPEPENR",A7ASQ6
16,1,A7ARK0,"C7EA33,C7EA31,C7EA30,C7EA20,C7EMY1,C7EA15,C7EA14,C7EA16,C7EA27,C7EA25,C7EA21,C7EA22,C7EA28","FYQLNSGDPVVIDQK,LVPDSSNIGPSSLR,IFTISNGLK","C7EA32,C7EA26"
17,1,Q17QG8,"E1BIL5,P0C0S9,P0C0S4,A7AT85,F1MRN2,I7IGL8,Q32LA7,I7IPK9,F2Z4G5,F1MLQ1,F1MWV9,G8JL00,A1A4R1,E1BDT6,A4IFU5,L0B1W7,A7AUI5,Q3ZBX9,F2Z4I6,E1BH22,L0AWE2,F2Z4J1",AGLQFPVGR,
18,1,O02741,,MLGGQEILVPLR,
19,1,A6QQV6,F1MQX7,AQVVLSW,
20,1,Q29RS5,,"MVHCPIQTQVQR,GLQVALEEFHK",
21,1,P19035,,"DYWSSFK,DALSSVQESQVAQQAR",
22,1,G3MWV5,"A7MAZ5,P02253",ASGPPVSELITK,
23,1,Q3SZC4,,"SYQDPSNAQFLESIR,LAHGGQVNLDMEDHR,SPNELVDDLFK",
24,2,Q5EF72,"L1LE80,A7AX51,Q8MWR3","IWHHTFY,NPALMVGMDEK",
24,3,Q3ZC07,P68138,"AVFPSIVGR,YPIEHGIITNWDDMEK,IWHHTFY,AVFPSIVGRPR","Q5E9B5,G8JKX4,P62739,F1MKC4"
24,5,P63258,"F1MRD0,P60712","YPIEHGIVTNWDDMEK,GYSFTTTAER,QEYDESGPSIVHR,AVFPSIVGRPR,AVFPSIVGR,IWHHTFY,VAPEEHPVLLTEAPLNPK",I7IRD5
25,1,Q3ZBT1,G3X757,"GPELLTMWFGESEANVR,GILLYGPPGTGK,QTNPSAMEVEEDDPVPEIR,ETVVEVPQVTWEDIGGLEDVKR,VINQILTEMDGMSTK,IIGATNRPDIIDPAILRPGR,EVDIGIPDATGR,NAPAIIFIDELDAIAPK,WALSQSNPSALR,FLINGPEIMSK,MDELQLFR,ELQELVQYPVEHPDK,KYEMFAQTL,DVDLEFLAK,GDDLSTAILK,EMVELPLR","I7IF78,L0AVJ6,E1BAN2,L1LC93,A7ASR9,I7J5S1"
26,1,Q3ZCF3,G3MZV0,NDFTEEEEAQVR,
27,1,G3X6W2,,ESLAHALVEIIK,
28,1,Q2KI42,Q2KI42-2,"TGQAAELGGLLK,DDPIISTHLAK,EQSILELGSLLAK,AAAAVVEFQR",
29,2,Q5E9F9,,"QVEDDIQQLLK,VLMATNRPDTLDPALMR,QTLQSEQPLQVAR,FVNLGIEPPK,VLMATNRPDTLDPALMRPGR,ALDEGDIALLK,GVLLFGPPGTGK",A7AX61
30,3,Q3SZ62,,"FSGWYDADLSPAGHEEAK,ALPFWNEEIVPQIK,VLIAAHGNSLR,NLKPIKPMQFLGDEETVR,QFLGDEETVR,SYDVPPPPMEPDHPFYSNISK","G3N3V1,F1N2F2,Q32KV0"
31,1,P15246,"G3MZZ6,P15246-2","MGVIYVPLTDKEK,AAEAPYDAIHVGAAAPVVPQALIDQLKPGGR,VFEVMLATDR,LILPVGPAGGNQMLEQYDK,ALELLFDQLNEGAK",
32,1,E1B824,,HGFPLGSTVQSK,
33,1,A7AXC2,,"LTPAPVTHSSSSYEPSK,LTPAPVTHSSSSYEPSKR",
34,3,G3X6N3,,"EAGLKPNNLKPVVAEFHGTK,EDVIWELLNH,NYELLCGDNTR,EYVTALQNLR,FDEFFSAGCAPGSPR,SAGWNIPMGK,CLMEGAGDVAFVK,ELLNHAQEHFGK,LAMVPSHAVVAR,TYDSYLGDDYVR,ECMVKWCAIGHQER,SASCVPCADQSSFPK,EDVIWELLNHAQEHFGK,DQTVIQNTDGNNNEAWAK,ELPDPQESIQR,GYLAVAVVK,NLKPVVAEFHGTK,TSDANINWNNLK,AMVPSHAVVAR,ENFEVLCK,LGYEYVTALQNLR","P24627,Q29443"
35,1,F1MDU9,,EMGPASQANVR,
36,1,A7AQV7,,VDYEGVIPTTEER,
37,1,E1B773,"P10575,G8JKV3",KTQELLSQLPFK,
38,1,A2I7M9,Q9TTE1,"RIHELYLPK,DLETPYFR,GSTLTEILEGLK,IHELYLPK",
38,3,A2I7N3,,"FSISSHY,LPENVTPEEQHK,TPFNPNHTYESEFHVSQNER,ASEVLSTNFK",
38,4,A2I7N2,,"DLETPYFR,RIHELYLPK,IHELYLPK,LPENVTPEEQHK",
38,5,G3N1U4,G8JKW7,"GPTLTEILEGLK,SSEAFPTNFGDPEAAK,DLETPYFR,RIHELYLPK,IHELYLPK","Q3ZEJ6,A2I7N1,A2I7N0"
39,1,F1MSK4,Q5E9N9,DLNTAHRPIDHWDAVNMECFEEDPGRKWMDGLLSNLGCESGSHMGPFIDSYR,
40,1,Q3SZJ7,G3MXJ5,APLGSSYMCNK,
41,1,Q3SZ18,,"VIGGDDLSTLTGK,SVGYKPDFVGFEIPDK",G3N0T0
42,1,G8JKZ8,O97680,YAFQEALNSAGEK,
43,1,F1N161,"F1MD74,F1MR96","KPEPELDPSSIK,YQHLLDDNKEGTPGKPK,GMVPDDAVEALAGSLGK,TEASPAAAPVPVAEDVPR,EPLPPLSEDVLLDALSK","G3N2N7,P20811"
44,1,Q3T0V9,,IQVNKPAVLR,
45,3,F1MY81,,"SGLTPLHVAVHHNHLDVVR,IPCVTPETVVIR,VIALGPTGVQF,VETPLHM,HLVAQEGHIPVADVLIK,IAALAGQDEVVR,VVTDETTVQLITDK,VETPLHMAAR,LPALHIAAR,GGSPHSPALNGYTPL,LALQAQPVPDELVTK,GFTPLHVAAK,MVVELLHK,MAELLLEHDAHPNAAGK,ISEILLDHGAPIQAK,SPIVTVEPR,LPTPPPLAEEEGLASR,EIILETTTK,GGSPHSPALNGYTPLHIAAK,LGYSPLHQAAQQGHTDIVTLLLK,ADAATSFLR,LGYISVTDVLK,ELVNYGANVNAQSQK,LDQVVESPAIPR,VIALGPTGVQFLSPVIVEIPHFASQGR,LVPLVQATFPENAVTK,LSPVIVEIPHFASQGR,TAAVLLQNDPNPDVLSK,ELLDFVPK,LYQDYDTIGPEGGSLTSK,AVALQQGHENVVAHLINYGTK,HGASPNEVSSNGTTPL,MGHLPIVK,MGYTPLHVASHY,LGYSPLHQAAQQGHTDIVTL,QATFSPIVTVEPR,HGASPNEVSSNGTTPLAIAK,EGHVETALALLEK","E1BNC9,G3N3N0,G3N0C1,F1MQL2"
46,1,Q2UVX4,G3X7A5,"TLNPEHLGQGGVQR,KDYDTTPPVVR,HQQTITIPAR,GVSSDLWGEKPK,QESLELIR,VSIRPAPETVK",
47,1,A7AVA8,,"FGNNQIEGELK,FQTLDEILLGLK,QSESVDHINTMDDYKK,MFRPETDVTDAEGR",
48,1,Q0VCY1,,VAHSEKPGSTSAVSFR,
49,1,Q3ZBT1,G3X757,"GPELLTMWFGESEANVR,GILLYGPPGTGK,QTNPSAMEVEEDDPVPEIR,ETVVEVPQVTWEDIGGLEDVKR,VINQILTEMDGMSTK,IIGATNRPDIIDPAILRPGR,EVDIGIPDATGR,NAPAIIFIDELDAIAPK,WALSQSNPSALR,FLINGPEIMSK,MDELQLFR,ELQELVQYPVEHPDK,KYEMFAQTL,DVDLEFLAK,GDDLSTAILK,EMVELPLR","I7IF78,L0AVJ6,E1BAN2,L1LC93,A7ASR9,I7J5S1"
50,3,Q5KR47-2,,"IQLVEEELDR,RIQLVEEELDR,KLVIIEGDLER,AGITTIEAVK,EQAEAEVASLNR,AGITTIEAVKR,KIQVLQQQADDAEER,IQVLQQQADDAEER,LVIIEGDLER,MELQEIQLK","Q5KR47,G3X7S7,Q5KR49,Q5KR48,A6QR15,Q5KR48-2,F1MV90"
51,2,A0JNC0,G1K1R3,"REELLDHLEK,DREDLVPY,ALAEMIK",L1LB82
52,1,Q3SX30,,"IVSGIITPIHEQWEK,ALIDPSSGLPNR,GGMIVDPLR",
53,1,F1MLW7,,"GSGTTLTVLGQPK,VLTQPSSVSGSLGQR,SKGSYSCEVTHEGSTVTK,YQQVPGSGLR,SPPSVTLFPPSTEELNGNK,QAVLTQPSSVSGSLGQR,GSYSCEVTHEGSTVTK,TQPSSVSGSLGQR,LSLTSSDWK","F1MCF8,G3N2D7"
53,4,F1MLW8,,"GSYSCEVTHEGSTVTK,LSLTDSDWK,SKGSYSCEVTHEGSTVTK",
53,5,G5E604,"G5E5H2,G5E5V1","QAVLTQPSSVSGSLGQR,FQQIPGSAPR,VLTQPSSVSGSLGQR,TQPSSVSGSLGQR",
54,1,E5RS65,E5RS63,"LLMPVNTHR,KPLFPFK,EIDNDEMVTHYEAFK,FYGVDGALR,TSEFDSAHTPVHYK,GNPLWEAADKK,TSEFDSAHTPVHY,FIDEVVVFR,EIDNDEMVTHY","E5RS64,E9RH18,E5RS62,Q8STI8,E5RSV7,F1T0Z8,F1T0Z9,G5EKL8,G5EKL9,G5EKM0"
55,2,P63103,,"NLLSVAYK,SVTEQGAELSNEER,DSTLIMQLLR","P68252,P68509,Q0VC36,L0AVC4,F1MPT3,A7Z057,A7AUI2,I7JB19,E1BDS9"
55,4,P62261,,"YDEMVESMK,NLLSVAYK,AASDIAMTELPPTHPIR,MDDREDLVYQAK,YLAEFATGNDRK,VAGMDVELTVEER,AAFDDAIAELDTLSEESYK,DSTLIMQLLR,EAAENSLVAYK,YLAEFATGNDR","P68252,P68509,Q0VC36,L0AVC4,F1MPT3,A7Z057,A7AUI2,I7JB19,E1BDS9"
55,5,P68250,P68250-2,"TAFDEAIAELDTLNEESYK,NLLSVAYK,QTTVSNSQQAYQEAFEISK,DSTLIMQLLR","P68252,P68509,Q0VC36,L0AVC4,F1MPT3,A7Z057,A7AUI2,I7JB19,E1BDS9"
55,6,Q3SZI4,,"NLLSVAYK,AVTEQGAELSNEER,DSTLIMQLLR","P68252,P68509,Q0VC36,L0AVC4,F1MPT3,A7Z057,A7AUI2,I7JB19,E1BDS9"
56,1,A7ART2,,"IAVLSVAPK,SVATQEVALDMAK,LTSVVNGEQTLFK,VYAFTEADYDEMVK,TEEPLDVVKPVENR",
57,2,Q58DC0,,"LAEQAVQAINK,GIEDDLMDLLK",Q58DC0-2
58,1,A7ATU7,Q76L32,IVEKPQIIEQWTER,
59,1,F1N0F7,,"AMGPLVLTEVLFNEK,ALNRPPTYPTK",
60,1,A7ANL4,,"LIDEIVQR,VSFDSMPEDLAAR",
61,1,Q4TWG6,,"AIFDSVVSMLQR,DQSTVQPAAPSPSQADQPTKPEGNLNGQNEPAK,AKHEAGMGNFITPEETIVPPQELITAVESQEEPGR,TENGDLRPQGGAGSGSGDGVSVVPQTPGK,LAVYFDDFSK,QADQPTKPEGNLNGQNEPAK,LYGVIAANFK,NPIIAPELFK,FYGAVESFDK,KNPIIAPELFK,HEAGMGNFITPEETIVPPQELITAVESQEEPGR,LESLQYGPQMTQENR,EEVPEQPAPSFVR","A6YQQ4,A6YQQ2,A6YQP7,Q4TWG9,Q4TWH3,Q4TWH4"
62,1,P28783,,LTVASHEEMHNTAPPGQGHR,
63,2,Q3SX44,,"EFFVGLSK,DFAVSTVPVTSTSHLR,GGGDLPNSQEALQK",P56965
64,1,E1BDB0,,"HSNLMLEDLDK,QASSLIDRPAPHFER",
64,2,F1MCU7,Q9N179,"PTSAPAIAPSPAAEGGVPGAPVK,QASALIDRPAPHFER,NFMESVPEPR,TLNINGQIPTGEGPPLVK,PTSAPAIAPSPAAEGGVPGAPVKK,VVVHQETEISEE,TQTVTISDTANAVK,DVPIVHTETK,HSNLMLEDLDK,TPRPTSAPAIAPSPAAEGGVPGAPVK",F1MCU4
65,1,P12763,,"TPIVGQPSIPGGPVR,IPLDPVAGYK,QQTQHAVEGDCDIHVLK,HTFSGVASVESSSGEAFHVGK",
66,1,P21752,,ADKPDLGEINSFDK,
67,1,P11064,A5PK96,"SPIAEAVFR,IELLGSYDPQK",
68,1,F1MAW1,,HHVDESVGNK,
69,1,E1B959,"F1MX69,Q3T014",TVGPHQFLGDQEAIQAAIK,
70,1,Q0VCU8,G8JKV2,VLTPEEQLADK,
71,1,A7AV49,,DVDMDVVADHVGK,
72,1,F1N4M7,,"GFQLGALDTHR,SFECYRPEAK",
73,1,Q29RM3,F1MDM4,AAVSLLGEEK,
74,1,Q3B7M2,Q3B7M2-2,TVQQHAGETEPVATMR,
75,1,A7ASP3,A7AUY4,AGIGPYSDEATPK,
76,1,P52556,,"LPSEGPQPAHVVVGDVR,LLWDPSKVPPR,NDLSPTTVMSEGAQNIVAAMK,YVAVMPPHIGDHPLTGAY,VRDPSRLPSEGPQPAHVVVGDVR,KYDGHTTYPSHVYE,TVAGQDAVIVLL,HDLGHFMLH,YVAVMPPH,YDGHTTYPSHVYE,LQDVTDDHIR,HDLGHFM,TTYPSHVYE,TTDKYDGHTTYPSHVYE,YVAVMPPHIGDHPLTGA,LWDPSKVPPR,TVAGQDAVIVLLGTR,LLWDPSK,DGHTTYPSHVYE",
77,1,F1MWE0,,"KIEFPMPNEEAR,FLPVIGLVDAEK,MSTEEIIQR,VDILDPALLR,MNVSPDVNYEELAR",
78,1,Q2KIF2,,"NSLTGLFPGFFR,WLVANENK,LQVLGEGLLAPQPK,LDMLDLSNNLLTTVPT,LASVAAGAFR,YLFLNDNR,ICDQNLADLYR",
79,1,P55052,G3N269,GFDEYMK,
80,1,Q4TWG6,,"AIFDSVVSMLQR,DQSTVQPAAPSPSQADQPTKPEGNLNGQNEPAK,AKHEAGMGNFITPEETIVPPQELITAVESQEEPGR,TENGDLRPQGGAGSGSGDGVSVVPQTPGK,LAVYFDDFSK,QADQPTKPEGNLNGQNEPAK,LYGVIAANFK,NPIIAPELFK,FYGAVESFDK,KNPIIAPELFK,HEAGMGNFITPEETIVPPQELITAVESQEEPGR,LESLQYGPQMTQENR,EEVPEQPAPSFVR","A6YQQ4,A6YQQ2,A6YQP7,Q4TWG9,Q4TWH3,Q4TWH4"
81,1,A3KMV5,,"KPLLESGTLGTK,LAGTQPLEVLEAVQR,LTESYSSSQDPPEK,LDQPMTEIVSR,IHVSDQELQSANASVDDSR",
82,1,Q2KIT0,,LSGQLPSPSKPVPF,
83,1,F1N015,P30907,YVFSPNDK,
84,1,F1MLB5,,EYNKPSLANDLMLIK,
85,1,Q2YDE1,E1BLC8,LINEMNGVNEK,
86,1,A7AVR4,,"IFMGAPGSGK,DDITNEPLTQR,YETQTLVEELR,LVPDDVVVK,LFECPDDEIQR,GFILDGFPR,LIEGNINSPR","P08166-2,L1L9M5,P08166"
87,1,F1N3P2,,"SAADSISESIPVGPK,LPLPELVR,YFDGSGGNNHAVEHFR,ETGYPLAVK,KQEVQAWDGEVR,IVILPDYLEIAR",
88,1,Q3ZCH5,,QESPSVSVTGHAAPGHK,
89,1,Q0P5A6,F1N6Z0,"IVENSDAVTEILNNAELLK,LEAPLEELR,ILTLSQVGR,ELTGEDVLVR,YVKPISTTAVEGAE,ALQSLLQSVPLSELR,LLQALEPVHVAR",
90,1,P13135,,"THYSNIEANESEEVR,ILGGVISAISEAAAQYNPEPVPPR",
91,1,Q3ZBZ8,,"LMDVGLIAIR,TVDLKPDWGK,KETKPEPMEEDLPENKK,KETKPEPMEEDLPENK,ETKPEPMEEDLPENKK",E1BMG0
92,1,F1MU85,,DDSAKPKPEEVVKPVK,
93,1,A7AWS4,,"VFVETEEGFTR,GVLLQLIDYESR,TYDELNPEVILR,VIVDYVDK,HINEVVAGPVK,YLINTNDGFVK,DIDTDLPMK,DVIMDLK,NAALEHISLELH",Q9U546
94,1,Q2KIS7,,"NWETEITAQPDGGK,TFHEASEDCISR",
95,1,F1N5M2,,"LEDVLPLAEDITTILSK,VPTAHLEDVLPL,VLDQYIFELSR,SCESNSPFPVHPGTPECCTHEGLEK,HQPQEFPTYVEPTNDEICEAFR,FMPASPNPELPDVK,AEDITTILSK,TLLVGYTK,VPTAHLEDVLPLAEDITTILSK,FPDATETDLQELVAK,KFPSGTFEQISHL,DDFTSLSMVLY,GQELCADYSENTFTEYK,CADYSENTFTEYK,GKFPDATETDLQELVAK,IPEVFLTK,GKFPDATETDLQEL,AYFMPASPNPELPDVK,ELSSFIQK",Q3MHN5
96,2,E1BKU3,E1BJ08,"GSAPPGPVPEGLIR,LLPGDPYEK,HEVININLK",F1MKB7
97,1,P41361,F1MSZ6,"HRSPVEDVCTAKPR,SPVEDVCTAKPR",
98,2,P31976,,"IALLEEAR,IGFPWSEIR","Q2HJ49,F1MJJ8,Q32LP2"
99,1,A7ASK1,,ANNLDFQLLDKR,
100,1,A7ATI2,"Q17112,Q17116","QHTIELPK,SPMFAVSENIVK,TSLGDIFMK,LWHENVDIDMPVVQK,HPFFAVSENIVK","Q5XXE0,Q17113"
101,1,A7ATI3,,ISLVDFSGITTK,
102,1,A7ATI1,,GPRPTEDQISQLPK,
103,1,P81644,,FQTVADYGK,
104,1,P50397,,"FVSISDLLVPK,IPGAPPASMGR,FLMANGQLVK,FKIPGAPPASMGR,TFEGIDPK,PALELLEPIEQK,YIAIASTTVETK",P21856
105,2,E1BH06,P01030,"LGQYTSPVAK,ALSLTEAPEDLR",F1MVK1
106,2,F1MMK9,,"ESLLEEFR,MTMSTVVLK",P00978
107,1,P18203,Q2NKS8,GVQVETISPGDGR,
108,1,F1N2R1,,"EASMVITESPAAL,VIAAEGEMNASR,YLQTLTTIAAEK",
109,1,F1MMD7,Q3T052,"QDTVLDGSFIVR,VITKPEGQEQSQVAEKPVEDESR",
110,2,F1MKE9,,"ESQQLMASHPELK,TQLVDTADKFR,DFLEELEESR,FQIQDIVVQTQEGR,KKHEAIETDTAAYEER,GWDALSR,DMPESLPEAEQLLQQHAAIKDDIDR,LMEADIAIQGDK,QLMEEKPQFAVLVSQK,HLLEVEDLLQK,AFEDELR,KVSDQWNELK,AWESLEEAEYR,VTHGQTDPEYLLLGQR,AQMPSLGEEAGDEALSIEKR,DMPESLPEAEQLLQQHAAIK,LQGSWDTLQEAAASR,GLDAHLDQIFR,VDNVNAIIER,DLEDETLWVEER,DLYQQVVAQADMR,HNLEHAFEVAER,YFYTSSEILGLIGEK,KFEDFLLSMENNR,VFSDENPQDEESAIVMLK,FFWEMDEAESWIK,KNQTLQNEILGHTPR,EKEQIYSSLDYGK,VHLENMGSHDIVDGNHR,LVAQDNFGYDLAAVEAAKK,GVMEHLEQQAQAFPQGFQDSPDVTNR,TLAHLEPPDSLEAAEAGIR,DLAGVIAIQR,KNLQDTENFF,SIDWMDGIK,VAELASHQGWLENIDAEGK,EVDDLEQWITEK,FDILDQEMK,VSDQWNELK,LVAQDNFGYDLAAVEAAK,YHQGIQAEIETR,DVSSVELLMK,HKDFLEELEESR,ETWLNENQR,HRPDLIDFDK,LEALHQLWDELQANTQEMAQHL,HEAIETDTAAYEER,AQMPSLGEEAGDEALSIEK,ALEDLAQELER,WQDFQTMVSER,TSSEILGLIGEK,ELHLLGEQVQQFQDVAAR,VTHGQTDPEYLLL,ASHQGWLENIDAEGK,FLDLLEPLGR,LVAEGNLYSDK,LFQDMLH,AFPQGFQDSPDVTNR,KEELQELF,VTHGQTDPEYL,TEEEPGLQEEEGETAGEAPR,LSAGHPEGEQIIR,LLTSQDVSYDEAR,KHEAIETDTAAYEER,VSSVELLMK,NQTLQNEILGHTPR,LWDYLQELLQAR,AMEDQLQSDDLGK,FAALEKPTTLELK,LLSGEDVGHDEGATR,DTVASSSEMGQDFDHVTVLR,WLAQMEIPDTLEDLEVVQHR,LLEVLSGEMLPKPTK,ELPEDVGLDASTAESFHR,TLMTQIDGVNLAANSLVESNHPR,AHLLSAEFGK,LDLLEPLGR","E1BMN5,F1MYC9"
111,1,F1MQ77,"E1B9V3,Q3T154",DILDLNEMVR,
112,1,A5PK88,,VHQVTPQTHFIS,
113,1,P02081,,"MLSAEEKAAVTSLFAKVKVDEVGGEALGR,VKVDEVGGEALGR,GVANALAHR,LLGNVLVVVLAR,VLVVVLAR","G3N1Y3,G3MZ21,F1N0V8"
113,5,P02070,,"AGVANALAHR,KVVAGVANALAHR,NFGKEFTPVLQADFQK,AVMNNPK,FGKEFTPVLQADFQK,GTFAALSELH,VLDSFSNGMK,FFESFGDLSTADAVM,KVLDSFSNGMK,LLGNVLVVVLAR,EFTPVLQADFQKVVAGVANALAHR,FFESFGDLSTADAVMNNPKVK,VLVVVLAR,FFESFGDLSTADAVMNNPK,VKVDEVGGEALGR,KLHVDPENFK,AAVTAFWGK,LHVDPENFK,VLDSFSNGMKHLDDLK,FTPVLQADFQK,EFTPVLQADFQKVVAGVANALAHRYH,LHVDPENFKLLGNVLVVVLARNFGKEFTPVLQADFQK,AAVTAFWGKVKVDEVGGEALGR,GDLSTADAVMNNPK,LHVDPENFKLLGNVLVVVLARNFGK,EFTPVLQADFQK,KEFTPVLQADFQK,VVAGVANALAHR,VVAGVANALAHRYH,GTFAALSELHCDK,LSTADAVMNNPK,VAGVANALAHR,WTQRFFESFGDLSTADAVMNNPK,LLGNVLVVVLARNFGK,GVANALAHR","G3N1Y3,F1N0V8"
114,1,Q58D62,,"VLDIANDILQDINR,FMETATESLAK,VVVLPFPSK",
115,1,G5E5T5,,"TFPEVLR,TIPPSFADIFLTK,FWTFPEVLR",
115,2,G5E513,,"SDLPFPEK,TIPPSFADIFLTK,ALETHTYFER",
116,1,P15497,,"KVSILAAIDEASK,VSILAAIDEASK,VQPYLDEFQK,QGLLPVLESLK,LSPLAQELR,KWHEEVEIYR,DFATVYVEAIK,VAPLGEEFR,VSILAAIDEASKK,WHEEVEIYR,AKPVLEDLR,LLDNWDTLASTLSK,EQLGPVTQEFWDNLEK",
117,1,L1LD17,,IFQSIMIK,
118,1,G1K122,P18902,"GNDDHWIIDTDYET,DPSGFSPEVQK",
119,1,A7AV88,,"NAGNDIDIYLDK,FGDIEHSIPK,ANFDTLFR,WNSATGNEYRPVK,FAYYPGLPSR",
120,1,A7AP74,,AWCPQTNR,
121,1,Q2KIU3,,"TCTIPGVYR,MNDPLPAPSQPIVFK,GPTGIPGDIESCLSPPK",
122,1,P80227,,"ALDISGSDDEMARPK,QFLEVWEK",
123,1,P01045,"P01044,F1MNV5,P01044-2,P01045-2",SPDLEPVLR,
124,2,Q9U006,"Q9U004,A7AS21,B9VNX9,B9VNX7,B9VNX6,Q9U005,Q9TVG3","EIIHEFGTGAK,HFLDENIAQPTK,HFLDENIGQPTK","Q9U008,Q9U007,Q9TVW3,Q17115,Q17121"
125,1,Q2HJE4,,"AEGGAADLDIQR,SDIATLLK,KVVEQGMFVK",
126,1,Q3MHN0,,QVLLGDQIPK,
127,1,Q58DD3,,EIYDLYGR,
128,1,A7AW73,,AVGDVAEGNPALATVAVK,
129,1,Q3Y5Z3,,"QVTVPNVPIR,ALLFTHDQFQDK",
130,1,Q3ZBF7,,SVDFNNWK,
131,1,P22226,,AVDQLNEQSSEPNIYR,
132,1,A4FUA8,,FITHAPPGEFNEVFNDVR,
133,1,F1MC72,Q3MHP1,TDQVIQSLIALVNDPQPEHPLR,
134,1,Q2TBG8,,VTHETSAHEGQTEAPNIDEK,
135,1,Q5E9B7,,"NSNPALNDNLEK,GFSIPDVFR,LAALNPESNTAGLDIFAK",
136,1,Q32PA4,,VYAAPPSGDPAVETK,
137,1,Q2KIW6,F1MLV1,"HGEIDYEAIVK,ADHDFVVQEDFMK,MIMATNRPDTLDPALLRPGR,TLMELLNQMDGFDTLHR",
138,1,A7AX16,A7AX15,GILEFFGR,
139,1,G1K1R6,A6H768,SLETSLVPLSDPK,
140,1,Q2KIX7,,"AEAGDSHEQASGSSVL,AEAGDSHEQASGSSVLELEK",
141,1,A7ANJ7,,NEYVLLF,
142,1,Q32KW2,,GPGSAVGEGKPVLTEEER,
143,1,Q2T9Y6,,"LFIVGSNSSSSTR,ELLSEASFQEALQESIPDIR,AHEWVPL,SSQISPDLIR,TLNEWSSQISPDLIR,ASTLHLQTGNLL,KIVAIGTSDLDK,QFDIQLLTHNDPK,IVAIGTSDLDK",
144,3,Q27975,Q27965,"ELEQVCNPIISR,NQVALNPQNTVFDAK,GAAVQAAILMGDK,FGDPVVQSDMK,ATAGDTHLGGEDFDNR,LVNHFVEEF,LYQGAGGPGAGGFGAQGPK,AQIHDLVLVGGSTR","P0CB32,F1MWU9"
145,1,A4FUZ1,,LDFPTMK,
146,1,Q27970,,"DFFLSNASR,LEETDDPDPDDYGGR,EGDFVLR,QGQMVNLIR,SEQFINLR,QVNYQGQMVNLIR",
147,1,A7MBA2,,AYPAPLEVPK,
148,1,E1BE98,,"MAQEVLTHLK,LTHLDYVDTER",
149,1,A7AWP3,,KPILPVVER,
150,1,Q148C9,,"FQSDPPAPSDDSIK,AADYAAQAAQLR",G5E6G2
151,1,E1BG52,,"QSSSPSPPEEPPGPSATSVEK,QLLGQDAWTSQK,QRPEEGSEAEPGSPR,DLMEAISK",
152,1,Q1JPG7,,"IYIDDGLISLVVK,SHGSHEYHAESIANIR,VLVTVDPEFQTR",
153,1,Q2HJ33,,"YEDFKEEGSENAVK,GFIMAEVMK",
154,2,Q9BGI3,,"KEGGLGPLNIPLLADVTR,LSSDYGVLK,KEGGLGPLNIPL,GLFVIDGK,VTINDLPVGR,LSSDYGVLKEDEGIAY,NIPLLADVTR,LVQAFQYTDEHGEVCPAGWTPGSDTIKPNVDDSK,AHVGKPAPEFQATAVVDGAFK,GWTPGSDTIKPNVDDSK,QVTINDLPVGR,VGKPAPEFQATAVVDGAFK,LSSDYGVLKEDEGIAYR,GGLGPLNIPLLADVTR,KLSSDYGVLK,QYTDEHGEVCPAGWTPGSDTIKPNVDDSK,AWINTPR,PAPEFQATAVVDGAFK,EGGLGPLNIPLLADVTR","Q9BGI2,P35705"
155,1,Q3T0W4,,ELDLYDNQIR,
156,1,A7ASH6,,YPATKPGQPNFDK,
157,1,Q2KJF1,,"GAEEQLVPR,THAAGTPSEPSATVTIEELDPPPAPTLTVDR,DGVGQEPVHLESPAHEHR,VLRPGSSASL,FPLGPVTSTTR,LEGEDQFLEVAEAPEATQATFPVHR,VLSPAGPEAQF,SLLSELSDPVELR,RGAEEQLVPR",
158,1,P00432,,"NFSDVHPEYGSR,GYFEVTHDITR,SFSAPEHQPSALEHR,AAQKPDVLTTGGGNPVGDK,IQALLDKYNEEKPK",
159,1,F1MKX8,Q9GKN7,EYDNHFHELLSTLH,
160,1,A7AQB7,Q2PKF8,"HHQVTDGETKPVVGESVVISYEK,LPTDLAEDIAR,DAFSQTEDVLR",
161,1,F1MAV0,P02676,"HQLYIDETVK,KKEEAPSLRPVPPPISGGGYR",
162,1,F1MDA7,Q2T9S7,"EESGENVAMIYK,GLVVLPLELK,AVSMPQNWR",
163,2,Q9XSJ4,F1MB08,"YITPDELANLYK,AAVPSGASTGIYEALELR,TIAPALVSK","A6QR19,Q3ZC09"
164,1,P34955,,"YASSANLHLPK,KYASSANLHLPK,LSISETYDLK,LVDTFLEDVK,DFHVDEQTTVK,GVLQGHAVQETDDTSHQEAACHK,SVLGDVGITEVFSDR",
165,1,A7AW24,,"NIDKEQCDEIISK,EMLISYVK",
166,2,P00442,,"GDGPVQGTIHF,GDTVVVTGSITGLTEGDHGFHVH,NGVAIVDIVDPLISLSGEY,GDGPVQGTIHFEAK,KGDGPVQGTIHFEAK,TMVVHEKPDDLGR",F1MNQ4
167,1,O46375,,"KAADETWEPF,SLGISPFHEFAEVVFTANDSGPR,SLGISPFHEFAEVVF,AADETWEPFASGK,SYSTTALVSSPK,HYTIAALLSPY,TSESGELHGLTTEDK,FVEGLYK",
168,1,F1MHR4,F1MHT2,DVEFLAQLK,
169,1,A7AN57,,SNEGEYHIETLDR,
170,1,E1BHF0,E1BFX2,VLDSDTESSK,
171,1,Q32PI5,A5D973,"IGPILDNSTLQSEVKPVLEK,FSNLASDEQDSVR,VLELDNVK,SALASVIMGLSPILGK",
172,2,Q76LV2,,"EDQTEYLEER,ELISNSSDALDK,ELHINLIPNK,SLTNDWEDHLAVK,YYTSASGDEMVSLK,TLTIVDTGIGMTK","I7IHJ7,L0ATY6,Q76LV1,G5E507"
173,3,F1MY81,,"SGLTPLHVAVHHNHLDVVR,IPCVTPETVVIR,VIALGPTGVQF,VETPLHM,HLVAQEGHIPVADVLIK,IAALAGQDEVVR,VVTDETTVQLITDK,VETPLHMAAR,LPALHIAAR,GGSPHSPALNGYTPL,LALQAQPVPDELVTK,GFTPLHVAAK,MVVELLHK,MAELLLEHDAHPNAAGK,ISEILLDHGAPIQAK,SPIVTVEPR,LPTPPPLAEEEGLASR,EIILETTTK,GGSPHSPALNGYTPLHIAAK,LGYSPLHQAAQQGHTDIVTLLLK,ADAATSFLR,LGYISVTDVLK,ELVNYGANVNAQSQK,LDQVVESPAIPR,VIALGPTGVQFLSPVIVEIPHFASQGR,LVPLVQATFPENAVTK,LSPVIVEIPHFASQGR,TAAVLLQNDPNPDVLSK,ELLDFVPK,LYQDYDTIGPEGGSLTSK,AVALQQGHENVVAHLINYGTK,HGASPNEVSSNGTTPL,MGHLPIVK,MGYTPLHVASHY,LGYSPLHQAAQQGHTDIVTL,QATFSPIVTVEPR,HGASPNEVSSNGTTPLAIAK,EGHVETALALLEK","E1BNC9,G3N3N0,G3N0C1,F1MQL2"
174,1,Q32LP0,G3N0K1,VVLVGGVAPASFR,
175,1,F1MMR8,,NTEQSIISEELIAEGK,
176,1,F1N4K1,,"SLGLQLPDGQR,ELPELQGVK",
177,1,F1N3Q7,Q32PJ2,AMVQQLDTLR,
178,1,A8YXY3,,KLYAGAILEVCG,
179,1,F1MER2,Q865F8,"QELNTLSASFLDKYR,QLSGEQDEQDKALQEFR,SASFLDKYR,TLSASFLDK,QELNTLSASFLDK",
180,1,Q3SZ43,,YPEAPPSVR,
181,1,P01966,,"DLPGALSELSDLHAHK,SHSLLVTLASHLPSDFTPAVHASLDK,LPSDFTPAVHASLDK,KVGGHAAEYGAEALER,PSDFTPAVHASLDK,HLDDLPGALSELSDLHAHK,LLSHSLLVTLASHLPSDFTPAVHASLDK,AAWGKVGGHAAEYGAEALER,LLSHSLLVT,LLSHSLLVTLASHLPSDFTPAVHASLDKFLANVSTVLTSK,LVTLASHLPSDFTPAVHASLDK,GNVKAAWGK,LLSHSLLVTLASHLPSDFTPAVH,AVEHLDDLPGAL,AAWGKVGGHAAEY,GHGAKVAAALTK,VEHLDDLPGALSELSDLHAHK,FLANVSTVLTSK,PGALSELSDLHAHK,AVEHLDDLPGALSELSDLHAHKLR,LDDLPGALSELSDLHAHK,LASHLPSDFTPAVHASLDK,VGGHAAEYGAEAL,AVEHLDDLPGALSELSDLHAH,VLSAADKGNVK,LANVSTVLTSK,AVEHLDDLPGALSELSDLHAHKL,AAEYGAEALER,VTLASHLPSDFTPAVHASLDK,AVEHLDDLPGALSEL,LLSHSLL,HAAEYGAEALER,SLLVTLASHLPSDFTPAVHASLDK,ASHLPSDFTPAVHASLDK,VGGHAAEYGAEALER,AVEHLDDLPGALSELSDL,TYFPHFDLSHGSAQVKGHGAK,TLASHLPSDFTPAVHASLDK,LLSHSLLVTLA,FLANVSTVLTSKYR,HLPSDFTPAVHASLDK,LLSHSLLVTL,LRVDPVNFKLLSHSLLVTLASHLPSDFTPAVH,AVEHLDDLPG,AVEHLDDLPGALSE,VGGHAAEYGAEALE,LLSHSLLVTLASHLPSDFTPAVHA,GHAAEYGAEALER,SELSDLHAHK,AVEHLDDLPGALSELSDLH,SHLPSDFTPAVHASLDK,VDPVNFKLLSHSLLVTLASHLPSDFTPAVHASLDK,VLSAADKGNVKAAWGKVGGHAAEYGAEALER,AVEHLDDLPGALSELS,AVEHLDDLPGALSELSDLHA,AVEHLDDLPGALSELSDLHAHK,LPGALSELSDLHAHK,DDLPGALSELSDLHAHK,FLANVSTVL,KAVEHLDDLPGALSELSDLHAHK,VLSAADKGNVKAAWGK",
182,1,Q2KJ46,,"AKPPPGGGEQEPPPPPAPQDVEMK,SVFPEQANNNEWAR,ELDTVTLEDIK",
183,1,Q3SZF0,,"EDAMNAYISK,SLQADFDK",
184,1,F1MHE4,,"PAVPVPNPPPIDPASLEEFK,AGIDSVTLENEK",
185,1,A6QPP2,,EYYFAEVR,
186,1,Q148G0,,"IHYFDDQSFWK,FPHLAVGY",
187,1,A3KN12,F1MHP6,"HDVMAHVHTF,LWLAEAEQTLGLPITDEQIQEMK",
188,1,Q29RK4,,"QEKPAERPVETPVATTPTSTDSTSGDSSR,NENLAANF,NFVVVMVTK",
188,2,A3KMV2,,"QQLGQENPQLLQQISR,NENLAANF,NFVVVMVTK,QVIQQNPALLPALL,LLTGIPGSPEPEHGSVQESQVSEQPSTEAGENPLEFLR,DQPQFQNMR,SPSEESAPTTSPESVSGSVPSSGSGGR,ILSDDVPIR",
189,1,Q17117,"A7ASX3,Q00708",WKPMSPEIIR,
190,1,Q32KX8,,"DLGQASGLLLER,MLVAEAAER",
191,1,A7AV89,,LYDVSDHSEVTNVNAK,
192,1,A7AP18,,IEGLHNEDEGFKR,
193,1,Q0VBZ2,,"QLTEMGFPETR,AVISLMEMGFDEK,LLALNPDAVELFR",
194,1,Q0IIF7,F1MJV5,"YLFTGLK,VSIVTPEDILR,LEAIEDDTVK,MMGSADALPEEPSAK,SSSSGHYVSWVK,RVEIMEEESEQ",
195,1,Q3SYT7,F1MYH8,VAEFHTELER,
196,1,A7ATS0,,AAVESGLPYPTDR,
197,1,A7AVQ8,,"LLPVLPK,VFPDLYTDR",
198,1,E1BKM9,,LGLGGLLYK,
199,1,F1MUS6,,DALVFIEK,
200,1,Q2KHU0,,LLAEHPPHLTPGIR,
201,1,E1BKM4,,"SLLTNLDEVKK,TPSNELYKPLR",
202,1,E1BC28,"F1ME91,A7E3S8",AIEINPDSAQPYK,
203,1,Q5EAC6,F1MHL1,SMVNTKPEQAEEESEEVR,
204,1,Q6QRN7,,SHPSAPPPYEDR,
205,1,L1LEL1,,PQVIGMLSK,
206,1,I7IH08,,IVLMIEMMTNACKLP,
207,1,F1MG10,A6QQ21,TTGGPPDPSDIHVHK,
208,1,A6QR56,F1N441,AWDQEAEGAGPELGR,
209,1,P10096,,"VVDLMVH,VVDLMVHMASK,VIISAPSADAPMFVMGVNHEK,GAAQNIIPASTGAAK,VGVNGFGR,LISWYDNEFGYSNR,DAGAGIALNDHFVK,AITIFQERDPANIK,VDIVAINDPFIDLH,AITIFQER,VIHDHFGIVEGLMTTVH",
210,1,P19120,,DAGTIAGLNVLR,
211,1,Q17QJ7,,GFTAAGILSAH,
212,1,Q29RV0,,QGASPNVQDASGTTPAHDAAR,
213,1,O46510,E1BG43,"YFGNNISTK,EDAVFLGNEAQR",
214,1,I7JAZ1,,VAEVLFEK,
215,1,Q56JW4,,IDYIAGLDSR,
216,1,E1BL26,,"ATIVSVEDWDK,FNQEEGVGDTHNSY,LLGQPEPPAPGTALPAPDRK,VDYFDLQR,VFASPDHRPAAATSR",
217,1,Q3T0P6,,"ALMDEVVK,VSHVSTGGGASLELLEGK,AHSSMVGVNLPK,SLQPVAVELK",G3X7N4
218,1,Q05B57,,"ETLPVLAR,YGAPSYVR",
219,1,P23132,,"SFVASLVR,RPSGHLVSVLSGAEESFVASLVR,SGAEESFVASLVR",
220,1,Q3T0B2,F1MXE4,"PLENLEEEGLPK,RLDEELEDAEK",
221,1,Q2KIM1,,FATSHDAESSQSHVHFDEK,
222,1,A7AMI5,,PQMPAHKPSKPAVVEPK,
223,1,A7AQM3,,"IATRPNVNAGADPNIK,SATWDVVGKPSEEEDPKR,VTEIGALLDK,NIVVASGGVVGMR,DSLNSAAYDLEK,GAGLHNSLIYR,AVGEHYTANFTDEPK,NDQLIIMIEQK",
224,1,P00570,A4IFD0,GFLIDGYPR,
225,1,E1BMD8,,VCTMETYITYR,
226,1,L0AXQ8,,VNGWMHSSNQIWH,
227,1,A7YW37,,"FHPSTEIIWK,SDEGLYELESPGVR",
228,1,Q0VCK0,,TLHPAVHAGILAR,
229,1,A7AQC3,,"DIKPSLMDK,VNGHFLKPIIDR,GESNIVSQEVFDELNSMIK,TNMMVGESLR",
229,2,A7AQC8,,"DIKPSLMDK,EEISSQGVQLK,HDYYAVNGF,VNGHFLKPIIDR,TNMMVGESLR",
230,1,E1BFV0,,"MELITILEK,LLETTDRPDGHQNNLR,GDQENVHPDVMLVQPR",
231,1,F1N761,,"TTPSPNQTLPSSSSTSR,RLDFLPLK",
232,2,F1N6C0,P62157,"ADQLTEEQIAEFK,VFDKDGNGYISAAELR,SLFDKDGDGTITTK,EAFSLFDKDGDGTITTK",F1MLH6
233,1,E1BIK4,,TISGIPSSNIQSLEVNR,
234,1,Q3MHL6,,NSQLEQENNLLK,
235,1,L1L9N9,,PLVFILNRPK,
236,1,A7AWC8,,RPDSSLESTHTSADIAPR,
237,1,P31754,,"FADIGNTVK,VTDAVVLVDR,GIIASANQLEAAK,ELLQLADALGSR,SGLSSPVYIDLR,RHEFLIFEDR",
238,1,Q3LUR2,,SEESQDTVTTTLHDEMK,
239,1,P28800,,"LDNQEPGGQIAPK,GDKPFDPDLK",
240,1,P28801,,"IYTNYEAGKEDYVK,AFLASPEHMNRPINGNGK,ALPQHLKPFETLLSQNK,TIVYFPVQGR,AFLASPEHMNRPINGNGKQ,LASPEHMNRPINGNGK,AFLASPEHM,AFLASPEHMNR",
241,1,A7AV15,,"VMMGNLTSVSESNRPAVADK,KVMMGNLTSVSESNRPAVADK",
242,1,F1MMQ8,,"EKEPIVDNTNYGADEEAAGALLK,VETDDHQGFVPAVY,KHEAFLVDLK,SSDELEDSFQALAEGK,DEFPMLPQR,FDEFQMDLK,WEQLLEASEVHR,QRPLLETEVLF,LGDYADLK,HGLLESAVATR,MIEEGHFAAEDVASR,DLQGVQNLLK,AENTGVELDDVWELQK,KHQLLETEMLAR,NWILETR,DITGLSEETR,FLDAVDPERK,RLEGELLAHEPAIQNVLDTAER,ETGTLESQLEANKR,VFEEELAANQIR,LSESHPDATDDLQSQQLK,LKEAWDDLQGLTK,TWLTVEVLER,LERDELESAWEQR,QHSLEEQIQAR,LEALENDFAVHEIR,HQLLETEMLAR,LVDLHEAEAWIR,YYLPMVEEGEPEPK,LSHPSDAAEIQQMK,WIELQEATEQK,LDQLVQHW,KDDVLTLLSSISK,DYFLDGSLLK,LQGVQNLLK,DVTEAIQWIEEK,VNEVNQYANECAEEKHPELPSIESK,VQNVCAQGEDILSK,TGQEMIDSNHYASDK,QEFETTFR,DEYIDFLTDK,QEAFLENEDLGNSLGSVEALLQK,EAWDDLQGLTK,FLDAVDPER,TNSNDADLTALSTLLAK,MLSSAADLQK,TALINADELPIDVTGGEALLDR,FEEIIHPDAGNIR,AEQVEGVIILGNTLVER,KHGLLESAVATR,KLEALENDFAVHEIR,EVESLWIELQEATEQK,DHEAFLASLTK,QEQIENQYHSLLHR,HYDSEEIAAIRDELLVR,AEEDLSEPVR,GLNYYLPMVEEGEPEPK,SYEDPTNIQGK,DLASAGNLLK,TGQEMIDSNHY,IEDLGESLEEALVLDLK,ITELDLFAER,QRPLLETEVLFMK,VADDLQFEELLTPEGAQIQQELNAR,HDDFEEAFTAQEEK,TASDKSYEDPTNIQGK,SLNENMESLQAR,RQNDLEANVQFQQY,HYDSEEIAAIR,AFGNSMQALR,YLPMVEEGEPEPK,LSEITDLK,HPELPSIESK,QETLHASLQSFHQER,EAGDMLDWIR,DEYIDFLTDKESENIR,GLADVQNLLR,KDDVLTLL,SDDKGSLDTLEALMK,EALVAQGDSGDTLAAIQSLQK,DELESAWEQR,LEDSYHYQVF,KFDEFQMDLK,LDQLVQHWDQLK,FQSANETGQTLLDANHEASDEVLEK,ADVVEAWIAEK,KFEEFLADMEVR,GSLDTLEALMK,DSEQVDSWMSR,FLSDYDELSGWMEEK,ADMEAQAPAFQAFEDFGTDLTISGHR,VNEVNQYANECAEEK,LEGELLAHEPAIQNVLDTAER,QFFQDLDDEEFWIAEK",
243,1,O77834,,"LPFPIIDDK,VATPVDWK,NFDEILR",
244,1,A7AQX5,,RQLEDGTF,
245,1,Q08DM1,,"FPAAQPPDPNQPAK,HPIEDLIIESSK,AILDIERPDLM,SLLEHVELPR,EMLVVTNR,MDNQVLGYK,VFSMSPEEFGK,QPLTSPGSVSSSR,STSPPPSPEVWAESR,TSLPHFHHPETTRPDSNIYK",Q58CT9
246,1,A7AWN6,,"ITGYKPAGDVHNFHDTL,ITGYKPAGDVHNFHDTLQFLK",
247,1,P26882,,ILLISEDLK,
248,1,F1MMH1,,PALLPASASGEPVGGDGDGET,
249,1,A7AQQ4,,"VDDLIELIVSDIER,HLVPIFEN,ALVEANETHPVF,SIFDNIYGK",
250,1,A7AT75,,IGSPVEFEAR,
251,1,A7AT72,,QATAEDPSGHLMNR,
252,1,P56701,,"DKAPLQPQQPPATSPGSGDEKPSGK,VGQAVDVVGQAGKPK,APLQPQQPPATSPGSGDEKPSGK,SSTTSMTSVPKPLK",
253,1,A5D7K0,,"SGSLENMPNVGINK,SPLTWIEEK,LLGQFSEEELAAEK,FGVVVVGVGR",
254,1,M0QW12,,APILNSKPPDCDPNK,
255,1,Q2KJC1,,GLLGLPAPK,
256,1,Q7SIH1,,"DTGLGLSPTASLR,LPPNVVEESAR,IQEEGTEVELTGK,SLFTDVVAEK,SNSFVYLEPLPR,LLTEDIYQPR,VQTDKPIYKPEQTVK,AILPDGEVVGDSAR,SVLGDILGSAMR,GSGGTAEHPFTVEEF,VILAHVTAQPAPNPEDLK,GATEITTTITK,HFPPAAATDTAADAHDPARPGAK,ASFSVLGDILGSAMR,MVSGFIPLKPTVK,LSFVTVDSNLR,AFALAGNQER,TVLQDIPVR",
257,1,Q5EAD2,,EAGLDVTTSHNPATPR,
258,1,F1MX77,,LTELLDLYQEDR,
259,1,P07107,,AYIDKVEELKK,
260,1,F1N4W2,,"SFQENIAQLTEK,VQETLLNEGFR,SELMSAEINQLK,ERFEQDYHQVPR,FEQDYHQVPR",
261,1,F1MDF1,,SISVLGPP,
262,1,Q0P565,,NVQKPESVSDHMYR,
263,1,A4PJ02,,TSEQPEEIEDLPQ,
264,1,Q3ZBV1,F1MXJ5,NVSSTQIVGPGPKPEPPAKPASR,
265,1,F1N724,,AWVINIMK,
266,1,G3N0V0,,"SGVHTFPAVLQ,VVSALPIQH,VLDPPKEELSK,SGVHTFPAVLQSSGLY,GLSAPIVR,VVSALPIQHQDWTGGK,SWFVDDVEVHTAR",
267,1,F1MZ58,,AYLFFTNR,
268,1,A7ANS3,,VPQNLADEMMK,
269,1,F1MH40,F1MZ96,"SLTTTLVK,LFKPSDEQLK,VDGVTQSSSNFQNSFTDQDSK",
270,1,Q3SZR3,Q5GN72,EHFVDLLLSK,
271,1,D5MTL9,,VSETPGQTEQKEDLPQ,
272,1,A6H7B5,,SMGSQEDDSGNKPSSYS,
273,1,A7AV50,,"RNDDLAML,NDDLAMLTR,EREDFEFPSSIIY,LIAEEYPEKPK",
274,1,A7AV51,,AEGILPGIK,
275,1,A7ASW7,,"AMLLNQMR,NTLPEDLAR,IAGSHAVYNTLPEDLAR,AVYNTLPEDLAR,HTFEMLPEQLAK,MYHTFEMLPEQLAK",
276,1,A7ASU0,,MGNSSESNALTAGEGVHDQAAAASNHHAVNDQLATSK,
277,1,A7APT5,,"HTLPIVML,NIYEVDAPASR,GIESSAAEFVELK,VLSSVVIDLK,IMSLVELDMLATR,ESLLNEDIMSK,GILGDIQGPK,MTDILYLK,GDLGVETEITNLPVIQK,FNFPDILR,SIMEAGTDIYR",
278,1,E1BHK2,,"VNLQGDIVDR,WQIGEQEFEALMR,MLDNLGYR,EKSPPEPHTPPSTPVK,TAGPQSQVLSGVVMDR,VDENNPEYLR,SPPEPHTPPSTPVK",
278,2,F1MXA4,,"DKTESVTSGPMSPEGSPSK,VFEEDGAPVPALR,LGEHEFEALMR,TESVTSGPMSPEGSPSK,GLSQMTTSADTDVDTSK,FSEDDPEYLR,MLDNLGYR,EQDHFLISPK,SAGPQSQLLASVIAEK,VNILGEVVEK,KLELEGEKEPVPEEPGSPVK",
279,1,A7AVY5,,QVNTSNLTIPGMTK,
280,1,F1MMK2,,"GYLDDPTVPR,GGYFDEFGIIR",
281,1,F1N076,,TESSTVTPTAPGETR,
282,1,F1N3S4,,KLPDNYTQDTWQK,
283,1,Q3ZCL8,G3X6S5,QLVDISQDNALR,
284,1,Q2HJ58,G3MY14,GIFSGPAISR,
285,1,F1MU26,,LHTALSVSLGSEAQAAH,
286,1,G3MYZ3,,"FIESDNVCEK,LPTQPQDVDDVR,KADIGLLPPLPTLDPEEK,ADIGLLPPLPTLDPEEK,LAPQLSTEELTFLGK,RHPELSTPELLR",
287,1,G5E630,,LDTIDQGDELIR,
288,1,A6QQ11,,ELDELVSAVEEHFFQPQK,
289,1,Q17QP9,,"AVAVVVDPIQSVK,MTPEQLAIK",
290,1,A7ARV2,,"SYELDYGFK,TDIAPGEEVTLTEK",
291,1,F1MIH8,,LPAISDQDMNAYLAEQSR,
292,1,Q3SZV7,,"RAPELGHGVEGGNVAKPDPEVTER,PPEKGEEYPK,APELGHGVEGGNVAKPDPEVTER,DAPSPVDAAFR,VYPPEKGEEYPK,FWVYPPEK,MNSLLGCAPHQHS,GVEGGNVAKPDPEVTER,IEHLWPQGPSTVDAA,ELGHGVEGGNVAKPDPEVTER,IEHLWPQGPSTVDAAF,AFSENHYWR,FWDFSTK",
293,1,Q32L76,,SGQDPDHFRPAGLPK,
294,1,P19687,,AAGVPVEIIK,
295,1,Q3SYR8,,IIPSAEDPSQDIVER,
296,1,Q3ZBK2,,EEATDLSSLKPK,
